asset_id,name,priority,scope,source_path,size_px,background,existing_art,status,brief,creator_or_source,usage_rights,notes
army-militia-blades,Militia blades,P1,Current content,asset-inbox/army/militia-blades.png,1024x1024,Transparent,,Not started,Single soldier kit; weathered practical equipment; same angle and lighting across this group.,,,
army-sentinel-spears,Sentinel spears,P1,Current content,asset-inbox/army/sentinel-spears.png,1024x1024,Transparent,,Not started,Single soldier kit; weathered practical equipment; same angle and lighting across this group.,,,
army-ranger-longbows,Ranger longbows,P1,Current content,asset-inbox/army/ranger-longbows.png,1024x1024,Transparent,,Not started,Single soldier kit; weathered practical equipment; same angle and lighting across this group.,,,
army-royal-halberds,Royal halberds,P1,Current content,asset-inbox/army/royal-halberds.png,1024x1024,Transparent,,Not started,Single soldier kit; weathered practical equipment; same angle and lighting across this group.,,,
army-padded-armor,Padded armor,P1,Current content,asset-inbox/army/padded-armor.png,1024x1024,Transparent,,Not started,Single soldier kit; weathered practical equipment; same angle and lighting across this group.,,,
character-current-weapons-travelers-blade,Traveler’s Blade,P1,Current content,asset-inbox/character/current/weapons/travelers-blade.png,1024x1024,Transparent,,Not started,Recognizable inventory silhouette; no rarity frame or text.,,,
character-current-weapons-iron-longsword,Iron Longsword,P1,Current content,asset-inbox/character/current/weapons/iron-longsword.png,1024x1024,Transparent,,Not started,Recognizable inventory silhouette; no rarity frame or text.,,,
character-current-weapons-wardens-edge,Warden’s Edge,P1,Current content,asset-inbox/character/current/weapons/wardens-edge.png,1024x1024,Transparent,,Not started,Recognizable inventory silhouette; no rarity frame or text.,,,
character-current-weapons-moonsteel-saber,Moonsteel Saber,P1,Current content,asset-inbox/character/current/weapons/moonsteel-saber.png,1024x1024,Transparent,,Not started,Recognizable inventory silhouette; no rarity frame or text.,,,
character-current-weapons-oathkeeper,Oathkeeper,P1,Current content,asset-inbox/character/current/weapons/oathkeeper.png,1024x1024,Transparent,,Not started,Recognizable inventory silhouette; no rarity frame or text.,,,
character-current-weapons-dawnbringer,Dawnbringer,P1,Current content,asset-inbox/character/current/weapons/dawnbringer.png,1024x1024,Transparent,,Not started,Recognizable inventory silhouette; no rarity frame or text.,,,
character-current-armor-weathered-leathers,Weathered Leathers,P1,Current content,asset-inbox/character/current/armor/weathered-leathers.png,1024x1024,Transparent,,Not started,Recognizable inventory silhouette; no rarity frame or text.,,,
character-current-armor-scouts-jerkin,Scout’s Jerkin,P1,Current content,asset-inbox/character/current/armor/scouts-jerkin.png,1024x1024,Transparent,,Not started,Recognizable inventory silhouette; no rarity frame or text.,,,
character-current-armor-briarhide-coat,Briarhide Coat,P1,Current content,asset-inbox/character/current/armor/briarhide-coat.png,1024x1024,Transparent,,Not started,Recognizable inventory silhouette; no rarity frame or text.,,,
character-current-armor-sentinels-plate,Sentinel’s Plate,P1,Current content,asset-inbox/character/current/armor/sentinels-plate.png,1024x1024,Transparent,,Not started,Recognizable inventory silhouette; no rarity frame or text.,,,
character-current-armor-mantle-of-the-fallen,Mantle of the Fallen,P1,Current content,asset-inbox/character/current/armor/mantle-of-the-fallen.png,1024x1024,Transparent,,Not started,Recognizable inventory silhouette; no rarity frame or text.,,,
character-current-armor-aegis-of-the-first-king,Aegis of the First King,P1,Current content,asset-inbox/character/current/armor/aegis-of-the-first-king.png,1024x1024,Transparent,,Not started,Recognizable inventory silhouette; no rarity frame or text.,,,
chests-wayfarer-chest-closed,Wayfarer chest closed,P1,Current content,asset-inbox/chests/wayfarer-chest-closed.png,1024x1024,Transparent,,Not started,"Closed chest, identical camera and construction to its paired state; worn wood and iron.",,,
chests-wayfarer-chest-open,Wayfarer chest open,P1,Current content,asset-inbox/chests/wayfarer-chest-open.png,1024x1024,Transparent,,Not started,"Open chest, identical camera and construction to its paired state; worn wood and iron.",,,
chests-warlord-chest-closed,Warlord chest closed,P1,Current content,asset-inbox/chests/warlord-chest-closed.png,1024x1024,Transparent,,Not started,"Closed chest, identical camera and construction to its paired state; reinforced military steel.",,,
chests-warlord-chest-open,Warlord chest open,P1,Current content,asset-inbox/chests/warlord-chest-open.png,1024x1024,Transparent,,Not started,"Open chest, identical camera and construction to its paired state; reinforced military steel.",,,
chests-sovereign-chest-closed,Sovereign chest closed,P1,Current content,asset-inbox/chests/sovereign-chest-closed.png,1024x1024,Transparent,,Not started,"Closed chest, identical camera and construction to its paired state; ornate ancient royal metalwork.",,,
chests-sovereign-chest-open,Sovereign chest open,P1,Current content,asset-inbox/chests/sovereign-chest-open.png,1024x1024,Transparent,,Not started,"Open chest, identical camera and construction to its paired state; ornate ancient royal metalwork.",,,
runes-rune-of-resolve,Rune of Resolve,P2,Current content,asset-inbox/runes/rune-of-resolve.png,1024x1024,Transparent,,Not started,"Distinct engraved stone silhouette; discoverable item only, no public collection preview.",,,
runes-rune-of-vigor,Rune of Vigor,P2,Current content,asset-inbox/runes/rune-of-vigor.png,1024x1024,Transparent,,Not started,"Distinct engraved stone silhouette; discoverable item only, no public collection preview.",,,
runes-rune-of-ascendance,Rune of Ascendance,P2,Current content,asset-inbox/runes/rune-of-ascendance.png,1024x1024,Transparent,,Not started,"Distinct engraved stone silhouette; discoverable item only, no public collection preview.",,,
runes-rune-of-the-ancients,Rune of the Ancients,P2,Current content,asset-inbox/runes/rune-of-the-ancients.png,1024x1024,Transparent,,Not started,"Distinct engraved stone silhouette; discoverable item only, no public collection preview.",,,
runes-rune-of-eternity,Rune of Eternity,P2,Current content,asset-inbox/runes/rune-of-eternity.png,1024x1024,Transparent,,Not started,"Distinct engraved stone silhouette; discoverable item only, no public collection preview.",,,
companions-woodland-fox-portrait,Woodland Fox,P2,Current content,asset-inbox/companions/woodland-fox-portrait.png,1024x1024,Full image,public/art/companion-0.webp,Existing art to review,Portrait with face centered; existing image may be kept.,,,
companions-woodland-fox-full,Woodland Fox full body,Optional,Proposed presentation,asset-inbox/companions/woodland-fox-full.png,1536x1536,Transparent,,Not started,Same individual and markings as portrait; complete tail and wings inside frame.,,,
companions-mossback-owl-portrait,Mossback Owl,P2,Current content,asset-inbox/companions/mossback-owl-portrait.png,1024x1024,Full image,public/art/companion-1.webp,Existing art to review,Portrait with face centered; existing image may be kept.,,,
companions-mossback-owl-full,Mossback Owl full body,Optional,Proposed presentation,asset-inbox/companions/mossback-owl-full.png,1536x1536,Transparent,,Not started,Same individual and markings as portrait; complete tail and wings inside frame.,,,
companions-silverfang-wolf-portrait,Silverfang Wolf,P2,Current content,asset-inbox/companions/silverfang-wolf-portrait.png,1024x1024,Full image,public/art/companion-2.webp,Existing art to review,Portrait with face centered; existing image may be kept.,,,
companions-silverfang-wolf-full,Silverfang Wolf full body,Optional,Proposed presentation,asset-inbox/companions/silverfang-wolf-full.png,1536x1536,Transparent,,Not started,Same individual and markings as portrait; complete tail and wings inside frame.,,,
companions-ember-drake-portrait,Ember Drake,P2,Current content,asset-inbox/companions/ember-drake-portrait.png,1024x1024,Full image,public/art/companion-3.webp,Existing art to review,Portrait with face centered; existing image may be kept.,,,
companions-ember-drake-full,Ember Drake full body,Optional,Proposed presentation,asset-inbox/companions/ember-drake-full.png,1536x1536,Transparent,,Not started,Same individual and markings as portrait; complete tail and wings inside frame.,,,
companions-dawn-phoenix-portrait,Dawn Phoenix,P2,Current content,asset-inbox/companions/dawn-phoenix-portrait.png,1024x1024,Full image,public/art/companion-4.webp,Existing art to review,Portrait with face centered; existing image may be kept.,,,
companions-dawn-phoenix-full,Dawn Phoenix full body,Optional,Proposed presentation,asset-inbox/companions/dawn-phoenix-full.png,1536x1536,Transparent,,Not started,Same individual and markings as portrait; complete tail and wings inside frame.,,,
settlements-homestead,Homestead,P2,Current content,asset-inbox/settlements/homestead.png,1920x1080,Full image,public/art/homestead.webp,Existing art to review,"Same valley, camera and time of day across all six tiers; recognizable home grows into a fortified realm.",,,
settlements-settlement,Settlement,P2,Current content,asset-inbox/settlements/settlement.png,1920x1080,Full image,,Not started,"Same valley, camera and time of day across all six tiers; recognizable home grows into a fortified realm.",,,
settlements-village,Village,P2,Current content,asset-inbox/settlements/village.png,1920x1080,Full image,public/art/village.webp,Existing art to review,"Same valley, camera and time of day across all six tiers; recognizable home grows into a fortified realm.",,,
settlements-castle,Castle,P2,Current content,asset-inbox/settlements/castle.png,1920x1080,Full image,,Not started,"Same valley, camera and time of day across all six tiers; recognizable home grows into a fortified realm.",,,
settlements-stronghold,Stronghold,P2,Current content,asset-inbox/settlements/stronghold.png,1920x1080,Full image,public/art/stronghold.webp,Existing art to review,"Same valley, camera and time of day across all six tiers; recognizable home grows into a fortified realm.",,,
settlements-citadel,Citadel,P2,Current content,asset-inbox/settlements/citadel.png,1920x1080,Full image,,Not started,"Same valley, camera and time of day across all six tiers; recognizable home grows into a fortified realm.",,,
buildings-armory,Armory,P2,Current content,asset-inbox/buildings/armory.png,1920x1080,Full image,,Not started,Readable building silhouette; important features within the central crop; no signage text.,,,
buildings-barracks,Barracks,P2,Current content,asset-inbox/buildings/barracks.png,1920x1080,Full image,,Not started,Readable building silhouette; important features within the central crop; no signage text.,,,
buildings-blacksmith,Blacksmith,P2,Current content,asset-inbox/buildings/blacksmith.png,1920x1080,Full image,,Not started,Readable building silhouette; important features within the central crop; no signage text.,,,
buildings-trading-post,Trading Post,P2,Current content,asset-inbox/buildings/trading-post.png,1920x1080,Full image,,Not started,Readable building silhouette; important features within the central crop; no signage text.,,,
buildings-watchtower,Watchtower,P2,Current content,asset-inbox/buildings/watchtower.png,1920x1080,Full image,,Not started,Readable building silhouette; important features within the central crop; no signage text.,,,
buildings-bank,Bank,P2,Current content,asset-inbox/buildings/bank.png,1920x1080,Full image,,Not started,Readable building silhouette; important features within the central crop; no signage text.,,,
factions-iron-covenant-emblem,Iron Covenant emblem,P2,Current faction with proposed artwork,asset-inbox/factions/iron-covenant/emblem.png,1024x1024,Transparent,,Not started,Consistent symbols and materials within this faction; no letters or player rank baked in.,,,
factions-iron-covenant-banner,Iron Covenant banner,P2,Current faction with proposed artwork,asset-inbox/factions/iron-covenant/banner.png,1024x1536,Transparent,,Not started,Consistent symbols and materials within this faction; no letters or player rank baked in.,,,
factions-iron-covenant-commander,Iron Covenant commander,P2,Current faction with proposed artwork,asset-inbox/factions/iron-covenant/commander.png,1024x1024,Full image,,Not started,Consistent symbols and materials within this faction; no letters or player rank baked in.,,,
factions-verdant-pact-emblem,Verdant Pact emblem,P2,Current faction with proposed artwork,asset-inbox/factions/verdant-pact/emblem.png,1024x1024,Transparent,,Not started,Consistent symbols and materials within this faction; no letters or player rank baked in.,,,
factions-verdant-pact-banner,Verdant Pact banner,P2,Current faction with proposed artwork,asset-inbox/factions/verdant-pact/banner.png,1024x1536,Transparent,,Not started,Consistent symbols and materials within this faction; no letters or player rank baked in.,,,
factions-verdant-pact-commander,Verdant Pact commander,P2,Current faction with proposed artwork,asset-inbox/factions/verdant-pact/commander.png,1024x1024,Full image,,Not started,Consistent symbols and materials within this faction; no letters or player rank baked in.,,,
factions-ashen-order-emblem,Ashen Order emblem,P2,Current faction with proposed artwork,asset-inbox/factions/ashen-order/emblem.png,1024x1024,Transparent,,Not started,Consistent symbols and materials within this faction; no letters or player rank baked in.,,,
factions-ashen-order-banner,Ashen Order banner,P2,Current faction with proposed artwork,asset-inbox/factions/ashen-order/banner.png,1024x1536,Transparent,,Not started,Consistent symbols and materials within this faction; no letters or player rank baked in.,,,
factions-ashen-order-commander,Ashen Order commander,P2,Current faction with proposed artwork,asset-inbox/factions/ashen-order/commander.png,1024x1024,Full image,,Not started,Consistent symbols and materials within this faction; no letters or player rank baked in.,,,
factions-tidebound-emblem,Tidebound emblem,P2,Current faction with proposed artwork,asset-inbox/factions/tidebound/emblem.png,1024x1024,Transparent,,Not started,Consistent symbols and materials within this faction; no letters or player rank baked in.,,,
factions-tidebound-banner,Tidebound banner,P2,Current faction with proposed artwork,asset-inbox/factions/tidebound/banner.png,1024x1536,Transparent,,Not started,Consistent symbols and materials within this faction; no letters or player rank baked in.,,,
factions-tidebound-commander,Tidebound commander,P2,Current faction with proposed artwork,asset-inbox/factions/tidebound/commander.png,1024x1024,Full image,,Not started,Consistent symbols and materials within this faction; no letters or player rank baked in.,,,
army-unarmed-recruit,Unarmed recruit,P2,Proposed presentation,asset-inbox/army/unarmed-recruit.png,1024x1024,Full image,,Not started,Generic recruit or soldier; visually distinguish role without implying a new unit class.,,,
army-offensive-soldier,Offensive soldier,P2,Proposed presentation,asset-inbox/army/offensive-soldier.png,1024x1024,Full image,,Not started,Generic recruit or soldier; visually distinguish role without implying a new unit class.,,,
army-defensive-soldier,Defensive soldier,P2,Proposed presentation,asset-inbox/army/defensive-soldier.png,1024x1024,Full image,,Not started,Generic recruit or soldier; visually distinguish role without implying a new unit class.,,,
dungeons-whispering-woods-entrance,Whispering Woods entrance,P2,Current content,asset-inbox/dungeons/whispering-woods/entrance.png,1920x1080,Full image,public/art/dungeon.webp,Existing art to review,Borderlands environment; leave space for title overlays; future names and themes require approval.,,,
dungeons-whispering-woods-stage-01,Whispering Woods stage 1 Forgotten Path,P2,Current content,asset-inbox/dungeons/whispering-woods/stage-01.png,1920x1080,Full image,,Not started,Different location within the same dungeon; do not reuse the entrance composition.,,,
dungeons-whispering-woods-stage-02,Whispering Woods stage 2 Briar Hollow,P2,Current content,asset-inbox/dungeons/whispering-woods/stage-02.png,1920x1080,Full image,,Not started,Different location within the same dungeon; do not reuse the entrance composition.,,,
dungeons-whispering-woods-stage-03,Whispering Woods stage 3 Sunken Shrine,P2,Current content,asset-inbox/dungeons/whispering-woods/stage-03.png,1920x1080,Full image,,Not started,Different location within the same dungeon; do not reuse the entrance composition.,,,
dungeons-whispering-woods-stage-04,Whispering Woods stage 4 Watchers Crossing,P2,Current content,asset-inbox/dungeons/whispering-woods/stage-04.png,1920x1080,Full image,,Not started,Different location within the same dungeon; do not reuse the entrance composition.,,,
dungeons-whispering-woods-boss-arena,Whispering Woods boss arena,P2,Current content,asset-inbox/dungeons/whispering-woods/boss-arena.png,1920x1080,Full image,,Not started,Environment without boss; clear center for future combat overlays.,,,
dungeons-whispering-woods-boss,Thornbound Guardian,P2,Current content,asset-inbox/dungeons/whispering-woods/boss.png,1024x1024,Full image,public/art/thornbound-boss.webp,Existing art to review,Boss identity must be approved for proposed dungeons. Existing wide boss art may be retained until a portrait is needed.,,,
dungeons-whispering-woods-enemy-charging,Whispering Woods charging enemy,P3,Proposed enemy identity,asset-inbox/dungeons/whispering-woods/enemy-charging.png,1024x1024,Full image,,Not started,Enemy design pending; visual silhouette should communicate charging behavior.,,,
dungeons-whispering-woods-enemy-channeling,Whispering Woods channeling enemy,P3,Proposed enemy identity,asset-inbox/dungeons/whispering-woods/enemy-channeling.png,1024x1024,Full image,,Not started,Enemy design pending; visual silhouette should communicate channeling behavior.,,,
dungeons-whispering-woods-enemy-fortified,Whispering Woods fortified enemy,P3,Proposed enemy identity,asset-inbox/dungeons/whispering-woods/enemy-fortified.png,1024x1024,Full image,,Not started,Enemy design pending; visual silhouette should communicate fortified behavior.,,,
dungeons-hollowcrypt-entrance,Hollowcrypt entrance,P2,Current content,asset-inbox/dungeons/hollowcrypt/entrance.png,1920x1080,Full image,public/art/crypt.webp,Existing art to review,Fallen Kingdoms environment; leave space for title overlays; future names and themes require approval.,,,
dungeons-hollowcrypt-stage-01,Hollowcrypt stage 1 Silent Stair,P2,Current content,asset-inbox/dungeons/hollowcrypt/stage-01.png,1920x1080,Full image,,Not started,Different location within the same dungeon; do not reuse the entrance composition.,,,
dungeons-hollowcrypt-stage-02,Hollowcrypt stage 2 Hall of Echoes,P2,Current content,asset-inbox/dungeons/hollowcrypt/stage-02.png,1920x1080,Full image,,Not started,Different location within the same dungeon; do not reuse the entrance composition.,,,
dungeons-hollowcrypt-stage-03,Hollowcrypt stage 3 Bone Archive,P2,Current content,asset-inbox/dungeons/hollowcrypt/stage-03.png,1920x1080,Full image,,Not started,Different location within the same dungeon; do not reuse the entrance composition.,,,
dungeons-hollowcrypt-stage-04,Hollowcrypt stage 4 Kingless Court,P2,Current content,asset-inbox/dungeons/hollowcrypt/stage-04.png,1920x1080,Full image,,Not started,Different location within the same dungeon; do not reuse the entrance composition.,,,
dungeons-hollowcrypt-boss-arena,Hollowcrypt boss arena,P2,Current content,asset-inbox/dungeons/hollowcrypt/boss-arena.png,1920x1080,Full image,,Not started,Environment without boss; clear center for future combat overlays.,,,
dungeons-hollowcrypt-boss,Oathless King,P2,Current content,asset-inbox/dungeons/hollowcrypt/boss.png,1024x1024,Full image,public/art/oathless-boss.webp,Existing art to review,Boss identity must be approved for proposed dungeons. Existing wide boss art may be retained until a portrait is needed.,,,
dungeons-hollowcrypt-enemy-charging,Hollowcrypt charging enemy,P3,Proposed enemy identity,asset-inbox/dungeons/hollowcrypt/enemy-charging.png,1024x1024,Full image,,Not started,Enemy design pending; visual silhouette should communicate charging behavior.,,,
dungeons-hollowcrypt-enemy-channeling,Hollowcrypt channeling enemy,P3,Proposed enemy identity,asset-inbox/dungeons/hollowcrypt/enemy-channeling.png,1024x1024,Full image,,Not started,Enemy design pending; visual silhouette should communicate channeling behavior.,,,
dungeons-hollowcrypt-enemy-fortified,Hollowcrypt fortified enemy,P3,Proposed enemy identity,asset-inbox/dungeons/hollowcrypt/enemy-fortified.png,1024x1024,Full image,,Not started,Enemy design pending; visual silhouette should communicate fortified behavior.,,,
dungeons-ember-citadel-entrance,Ember Citadel entrance,P2,Current content,asset-inbox/dungeons/ember-citadel/entrance.png,1920x1080,Full image,public/art/ember.webp,Existing art to review,Ashen Frontier environment; leave space for title overlays; future names and themes require approval.,,,
dungeons-ember-citadel-stage-01,Ember Citadel stage 1 Cinder Gate,P2,Current content,asset-inbox/dungeons/ember-citadel/stage-01.png,1920x1080,Full image,,Not started,Different location within the same dungeon; do not reuse the entrance composition.,,,
dungeons-ember-citadel-stage-02,Ember Citadel stage 2 Furnace of Names,P2,Current content,asset-inbox/dungeons/ember-citadel/stage-02.png,1920x1080,Full image,,Not started,Different location within the same dungeon; do not reuse the entrance composition.,,,
dungeons-ember-citadel-stage-03,Ember Citadel stage 3 Ashfall Bridge,P2,Current content,asset-inbox/dungeons/ember-citadel/stage-03.png,1920x1080,Full image,,Not started,Different location within the same dungeon; do not reuse the entrance composition.,,,
dungeons-ember-citadel-stage-04,Ember Citadel stage 4 Crimson Spire,P2,Current content,asset-inbox/dungeons/ember-citadel/stage-04.png,1920x1080,Full image,,Not started,Different location within the same dungeon; do not reuse the entrance composition.,,,
dungeons-ember-citadel-boss-arena,Ember Citadel boss arena,P2,Current content,asset-inbox/dungeons/ember-citadel/boss-arena.png,1920x1080,Full image,,Not started,Environment without boss; clear center for future combat overlays.,,,
dungeons-ember-citadel-boss,Last Flame,P2,Current content,asset-inbox/dungeons/ember-citadel/boss.png,1024x1024,Full image,public/art/flame-boss.webp,Existing art to review,Boss identity must be approved for proposed dungeons. Existing wide boss art may be retained until a portrait is needed.,,,
dungeons-ember-citadel-enemy-charging,Ember Citadel charging enemy,P3,Proposed enemy identity,asset-inbox/dungeons/ember-citadel/enemy-charging.png,1024x1024,Full image,,Not started,Enemy design pending; visual silhouette should communicate charging behavior.,,,
dungeons-ember-citadel-enemy-channeling,Ember Citadel channeling enemy,P3,Proposed enemy identity,asset-inbox/dungeons/ember-citadel/enemy-channeling.png,1024x1024,Full image,,Not started,Enemy design pending; visual silhouette should communicate channeling behavior.,,,
dungeons-ember-citadel-enemy-fortified,Ember Citadel fortified enemy,P3,Proposed enemy identity,asset-inbox/dungeons/ember-citadel/enemy-fortified.png,1024x1024,Full image,,Not started,Enemy design pending; visual silhouette should communicate fortified behavior.,,,
dungeons-bandit-redoubt-entrance,Bandit Redoubt entrance,P3,Proposed dungeon,asset-inbox/dungeons/bandit-redoubt/entrance.png,1920x1080,Full image,,Not started,Borderlands environment; leave space for title overlays; future names and themes require approval.,,,
dungeons-bandit-redoubt-stage-01,Bandit Redoubt stage 1,P3,Proposed dungeon,asset-inbox/dungeons/bandit-redoubt/stage-01.png,1920x1080,Full image,,Not started,Different location within the same dungeon; do not reuse the entrance composition.,,,
dungeons-bandit-redoubt-stage-02,Bandit Redoubt stage 2,P3,Proposed dungeon,asset-inbox/dungeons/bandit-redoubt/stage-02.png,1920x1080,Full image,,Not started,Different location within the same dungeon; do not reuse the entrance composition.,,,
dungeons-bandit-redoubt-stage-03,Bandit Redoubt stage 3,P3,Proposed dungeon,asset-inbox/dungeons/bandit-redoubt/stage-03.png,1920x1080,Full image,,Not started,Different location within the same dungeon; do not reuse the entrance composition.,,,
dungeons-bandit-redoubt-stage-04,Bandit Redoubt stage 4,P3,Proposed dungeon,asset-inbox/dungeons/bandit-redoubt/stage-04.png,1920x1080,Full image,,Not started,Different location within the same dungeon; do not reuse the entrance composition.,,,
dungeons-bandit-redoubt-boss-arena,Bandit Redoubt boss arena,P3,Proposed dungeon,asset-inbox/dungeons/bandit-redoubt/boss-arena.png,1920x1080,Full image,,Not started,Environment without boss; clear center for future combat overlays.,,,
dungeons-bandit-redoubt-boss,Bandit Redoubt boss,P3,Proposed dungeon,asset-inbox/dungeons/bandit-redoubt/boss.png,1024x1024,Full image,,Not started,Boss identity must be approved for proposed dungeons. Existing wide boss art may be retained until a portrait is needed.,,,
dungeons-bandit-redoubt-enemy-charging,Bandit Redoubt charging enemy,P3,Proposed enemy identity,asset-inbox/dungeons/bandit-redoubt/enemy-charging.png,1024x1024,Full image,,Not started,Enemy design pending; visual silhouette should communicate charging behavior.,,,
dungeons-bandit-redoubt-enemy-channeling,Bandit Redoubt channeling enemy,P3,Proposed enemy identity,asset-inbox/dungeons/bandit-redoubt/enemy-channeling.png,1024x1024,Full image,,Not started,Enemy design pending; visual silhouette should communicate channeling behavior.,,,
dungeons-bandit-redoubt-enemy-fortified,Bandit Redoubt fortified enemy,P3,Proposed enemy identity,asset-inbox/dungeons/bandit-redoubt/enemy-fortified.png,1024x1024,Full image,,Not started,Enemy design pending; visual silhouette should communicate fortified behavior.,,,
dungeons-briarfen-marsh-entrance,Briarfen Marsh entrance,P3,Proposed dungeon,asset-inbox/dungeons/briarfen-marsh/entrance.png,1920x1080,Full image,,Not started,Borderlands environment; leave space for title overlays; future names and themes require approval.,,,
dungeons-briarfen-marsh-stage-01,Briarfen Marsh stage 1,P3,Proposed dungeon,asset-inbox/dungeons/briarfen-marsh/stage-01.png,1920x1080,Full image,,Not started,Different location within the same dungeon; do not reuse the entrance composition.,,,
dungeons-briarfen-marsh-stage-02,Briarfen Marsh stage 2,P3,Proposed dungeon,asset-inbox/dungeons/briarfen-marsh/stage-02.png,1920x1080,Full image,,Not started,Different location within the same dungeon; do not reuse the entrance composition.,,,
dungeons-briarfen-marsh-stage-03,Briarfen Marsh stage 3,P3,Proposed dungeon,asset-inbox/dungeons/briarfen-marsh/stage-03.png,1920x1080,Full image,,Not started,Different location within the same dungeon; do not reuse the entrance composition.,,,
dungeons-briarfen-marsh-stage-04,Briarfen Marsh stage 4,P3,Proposed dungeon,asset-inbox/dungeons/briarfen-marsh/stage-04.png,1920x1080,Full image,,Not started,Different location within the same dungeon; do not reuse the entrance composition.,,,
dungeons-briarfen-marsh-boss-arena,Briarfen Marsh boss arena,P3,Proposed dungeon,asset-inbox/dungeons/briarfen-marsh/boss-arena.png,1920x1080,Full image,,Not started,Environment without boss; clear center for future combat overlays.,,,
dungeons-briarfen-marsh-boss,Briarfen Marsh boss,P3,Proposed dungeon,asset-inbox/dungeons/briarfen-marsh/boss.png,1024x1024,Full image,,Not started,Boss identity must be approved for proposed dungeons. Existing wide boss art may be retained until a portrait is needed.,,,
dungeons-briarfen-marsh-enemy-charging,Briarfen Marsh charging enemy,P3,Proposed enemy identity,asset-inbox/dungeons/briarfen-marsh/enemy-charging.png,1024x1024,Full image,,Not started,Enemy design pending; visual silhouette should communicate charging behavior.,,,
dungeons-briarfen-marsh-enemy-channeling,Briarfen Marsh channeling enemy,P3,Proposed enemy identity,asset-inbox/dungeons/briarfen-marsh/enemy-channeling.png,1024x1024,Full image,,Not started,Enemy design pending; visual silhouette should communicate channeling behavior.,,,
dungeons-briarfen-marsh-enemy-fortified,Briarfen Marsh fortified enemy,P3,Proposed enemy identity,asset-inbox/dungeons/briarfen-marsh/enemy-fortified.png,1024x1024,Full image,,Not started,Enemy design pending; visual silhouette should communicate fortified behavior.,,,
dungeons-watchers-quarry-entrance,Watchers Quarry entrance,P3,Proposed dungeon,asset-inbox/dungeons/watchers-quarry/entrance.png,1920x1080,Full image,,Not started,Borderlands environment; leave space for title overlays; future names and themes require approval.,,,
dungeons-watchers-quarry-stage-01,Watchers Quarry stage 1,P3,Proposed dungeon,asset-inbox/dungeons/watchers-quarry/stage-01.png,1920x1080,Full image,,Not started,Different location within the same dungeon; do not reuse the entrance composition.,,,
dungeons-watchers-quarry-stage-02,Watchers Quarry stage 2,P3,Proposed dungeon,asset-inbox/dungeons/watchers-quarry/stage-02.png,1920x1080,Full image,,Not started,Different location within the same dungeon; do not reuse the entrance composition.,,,
dungeons-watchers-quarry-stage-03,Watchers Quarry stage 3,P3,Proposed dungeon,asset-inbox/dungeons/watchers-quarry/stage-03.png,1920x1080,Full image,,Not started,Different location within the same dungeon; do not reuse the entrance composition.,,,
dungeons-watchers-quarry-stage-04,Watchers Quarry stage 4,P3,Proposed dungeon,asset-inbox/dungeons/watchers-quarry/stage-04.png,1920x1080,Full image,,Not started,Different location within the same dungeon; do not reuse the entrance composition.,,,
dungeons-watchers-quarry-boss-arena,Watchers Quarry boss arena,P3,Proposed dungeon,asset-inbox/dungeons/watchers-quarry/boss-arena.png,1920x1080,Full image,,Not started,Environment without boss; clear center for future combat overlays.,,,
dungeons-watchers-quarry-boss,Watchers Quarry boss,P3,Proposed dungeon,asset-inbox/dungeons/watchers-quarry/boss.png,1024x1024,Full image,,Not started,Boss identity must be approved for proposed dungeons. Existing wide boss art may be retained until a portrait is needed.,,,
dungeons-watchers-quarry-enemy-charging,Watchers Quarry charging enemy,P3,Proposed enemy identity,asset-inbox/dungeons/watchers-quarry/enemy-charging.png,1024x1024,Full image,,Not started,Enemy design pending; visual silhouette should communicate charging behavior.,,,
dungeons-watchers-quarry-enemy-channeling,Watchers Quarry channeling enemy,P3,Proposed enemy identity,asset-inbox/dungeons/watchers-quarry/enemy-channeling.png,1024x1024,Full image,,Not started,Enemy design pending; visual silhouette should communicate channeling behavior.,,,
dungeons-watchers-quarry-enemy-fortified,Watchers Quarry fortified enemy,P3,Proposed enemy identity,asset-inbox/dungeons/watchers-quarry/enemy-fortified.png,1024x1024,Full image,,Not started,Enemy design pending; visual silhouette should communicate fortified behavior.,,,
dungeons-ruins-of-alderkeep-entrance,Ruins of Alderkeep entrance,P3,Proposed dungeon,asset-inbox/dungeons/ruins-of-alderkeep/entrance.png,1920x1080,Full image,,Not started,Fallen Kingdoms environment; leave space for title overlays; future names and themes require approval.,,,
dungeons-ruins-of-alderkeep-stage-01,Ruins of Alderkeep stage 1,P3,Proposed dungeon,asset-inbox/dungeons/ruins-of-alderkeep/stage-01.png,1920x1080,Full image,,Not started,Different location within the same dungeon; do not reuse the entrance composition.,,,
dungeons-ruins-of-alderkeep-stage-02,Ruins of Alderkeep stage 2,P3,Proposed dungeon,asset-inbox/dungeons/ruins-of-alderkeep/stage-02.png,1920x1080,Full image,,Not started,Different location within the same dungeon; do not reuse the entrance composition.,,,
dungeons-ruins-of-alderkeep-stage-03,Ruins of Alderkeep stage 3,P3,Proposed dungeon,asset-inbox/dungeons/ruins-of-alderkeep/stage-03.png,1920x1080,Full image,,Not started,Different location within the same dungeon; do not reuse the entrance composition.,,,
dungeons-ruins-of-alderkeep-stage-04,Ruins of Alderkeep stage 4,P3,Proposed dungeon,asset-inbox/dungeons/ruins-of-alderkeep/stage-04.png,1920x1080,Full image,,Not started,Different location within the same dungeon; do not reuse the entrance composition.,,,
dungeons-ruins-of-alderkeep-boss-arena,Ruins of Alderkeep boss arena,P3,Proposed dungeon,asset-inbox/dungeons/ruins-of-alderkeep/boss-arena.png,1920x1080,Full image,,Not started,Environment without boss; clear center for future combat overlays.,,,
dungeons-ruins-of-alderkeep-boss,Ruins of Alderkeep boss,P3,Proposed dungeon,asset-inbox/dungeons/ruins-of-alderkeep/boss.png,1024x1024,Full image,,Not started,Boss identity must be approved for proposed dungeons. Existing wide boss art may be retained until a portrait is needed.,,,
dungeons-ruins-of-alderkeep-enemy-charging,Ruins of Alderkeep charging enemy,P3,Proposed enemy identity,asset-inbox/dungeons/ruins-of-alderkeep/enemy-charging.png,1024x1024,Full image,,Not started,Enemy design pending; visual silhouette should communicate charging behavior.,,,
dungeons-ruins-of-alderkeep-enemy-channeling,Ruins of Alderkeep channeling enemy,P3,Proposed enemy identity,asset-inbox/dungeons/ruins-of-alderkeep/enemy-channeling.png,1024x1024,Full image,,Not started,Enemy design pending; visual silhouette should communicate channeling behavior.,,,
dungeons-ruins-of-alderkeep-enemy-fortified,Ruins of Alderkeep fortified enemy,P3,Proposed enemy identity,asset-inbox/dungeons/ruins-of-alderkeep/enemy-fortified.png,1024x1024,Full image,,Not started,Enemy design pending; visual silhouette should communicate fortified behavior.,,,
dungeons-mourning-cathedral-entrance,Mourning Cathedral entrance,P3,Proposed dungeon,asset-inbox/dungeons/mourning-cathedral/entrance.png,1920x1080,Full image,,Not started,Fallen Kingdoms environment; leave space for title overlays; future names and themes require approval.,,,
dungeons-mourning-cathedral-stage-01,Mourning Cathedral stage 1,P3,Proposed dungeon,asset-inbox/dungeons/mourning-cathedral/stage-01.png,1920x1080,Full image,,Not started,Different location within the same dungeon; do not reuse the entrance composition.,,,
dungeons-mourning-cathedral-stage-02,Mourning Cathedral stage 2,P3,Proposed dungeon,asset-inbox/dungeons/mourning-cathedral/stage-02.png,1920x1080,Full image,,Not started,Different location within the same dungeon; do not reuse the entrance composition.,,,
dungeons-mourning-cathedral-stage-03,Mourning Cathedral stage 3,P3,Proposed dungeon,asset-inbox/dungeons/mourning-cathedral/stage-03.png,1920x1080,Full image,,Not started,Different location within the same dungeon; do not reuse the entrance composition.,,,
dungeons-mourning-cathedral-stage-04,Mourning Cathedral stage 4,P3,Proposed dungeon,asset-inbox/dungeons/mourning-cathedral/stage-04.png,1920x1080,Full image,,Not started,Different location within the same dungeon; do not reuse the entrance composition.,,,
dungeons-mourning-cathedral-boss-arena,Mourning Cathedral boss arena,P3,Proposed dungeon,asset-inbox/dungeons/mourning-cathedral/boss-arena.png,1920x1080,Full image,,Not started,Environment without boss; clear center for future combat overlays.,,,
dungeons-mourning-cathedral-boss,Mourning Cathedral boss,P3,Proposed dungeon,asset-inbox/dungeons/mourning-cathedral/boss.png,1024x1024,Full image,,Not started,Boss identity must be approved for proposed dungeons. Existing wide boss art may be retained until a portrait is needed.,,,
dungeons-mourning-cathedral-enemy-charging,Mourning Cathedral charging enemy,P3,Proposed enemy identity,asset-inbox/dungeons/mourning-cathedral/enemy-charging.png,1024x1024,Full image,,Not started,Enemy design pending; visual silhouette should communicate charging behavior.,,,
dungeons-mourning-cathedral-enemy-channeling,Mourning Cathedral channeling enemy,P3,Proposed enemy identity,asset-inbox/dungeons/mourning-cathedral/enemy-channeling.png,1024x1024,Full image,,Not started,Enemy design pending; visual silhouette should communicate channeling behavior.,,,
dungeons-mourning-cathedral-enemy-fortified,Mourning Cathedral fortified enemy,P3,Proposed enemy identity,asset-inbox/dungeons/mourning-cathedral/enemy-fortified.png,1024x1024,Full image,,Not started,Enemy design pending; visual silhouette should communicate fortified behavior.,,,
dungeons-siege-of-the-empty-throne-entrance,Siege of the Empty Throne entrance,P3,Proposed dungeon,asset-inbox/dungeons/siege-of-the-empty-throne/entrance.png,1920x1080,Full image,,Not started,Fallen Kingdoms environment; leave space for title overlays; future names and themes require approval.,,,
dungeons-siege-of-the-empty-throne-stage-01,Siege of the Empty Throne stage 1,P3,Proposed dungeon,asset-inbox/dungeons/siege-of-the-empty-throne/stage-01.png,1920x1080,Full image,,Not started,Different location within the same dungeon; do not reuse the entrance composition.,,,
dungeons-siege-of-the-empty-throne-stage-02,Siege of the Empty Throne stage 2,P3,Proposed dungeon,asset-inbox/dungeons/siege-of-the-empty-throne/stage-02.png,1920x1080,Full image,,Not started,Different location within the same dungeon; do not reuse the entrance composition.,,,
dungeons-siege-of-the-empty-throne-stage-03,Siege of the Empty Throne stage 3,P3,Proposed dungeon,asset-inbox/dungeons/siege-of-the-empty-throne/stage-03.png,1920x1080,Full image,,Not started,Different location within the same dungeon; do not reuse the entrance composition.,,,
dungeons-siege-of-the-empty-throne-stage-04,Siege of the Empty Throne stage 4,P3,Proposed dungeon,asset-inbox/dungeons/siege-of-the-empty-throne/stage-04.png,1920x1080,Full image,,Not started,Different location within the same dungeon; do not reuse the entrance composition.,,,
dungeons-siege-of-the-empty-throne-boss-arena,Siege of the Empty Throne boss arena,P3,Proposed dungeon,asset-inbox/dungeons/siege-of-the-empty-throne/boss-arena.png,1920x1080,Full image,,Not started,Environment without boss; clear center for future combat overlays.,,,
dungeons-siege-of-the-empty-throne-boss,Siege of the Empty Throne boss,P3,Proposed dungeon,asset-inbox/dungeons/siege-of-the-empty-throne/boss.png,1024x1024,Full image,,Not started,Boss identity must be approved for proposed dungeons. Existing wide boss art may be retained until a portrait is needed.,,,
dungeons-siege-of-the-empty-throne-enemy-charging,Siege of the Empty Throne charging enemy,P3,Proposed enemy identity,asset-inbox/dungeons/siege-of-the-empty-throne/enemy-charging.png,1024x1024,Full image,,Not started,Enemy design pending; visual silhouette should communicate charging behavior.,,,
dungeons-siege-of-the-empty-throne-enemy-channeling,Siege of the Empty Throne channeling enemy,P3,Proposed enemy identity,asset-inbox/dungeons/siege-of-the-empty-throne/enemy-channeling.png,1024x1024,Full image,,Not started,Enemy design pending; visual silhouette should communicate channeling behavior.,,,
dungeons-siege-of-the-empty-throne-enemy-fortified,Siege of the Empty Throne fortified enemy,P3,Proposed enemy identity,asset-inbox/dungeons/siege-of-the-empty-throne/enemy-fortified.png,1024x1024,Full image,,Not started,Enemy design pending; visual silhouette should communicate fortified behavior.,,,
dungeons-cinderworks-entrance,Cinderworks entrance,P3,Proposed dungeon,asset-inbox/dungeons/cinderworks/entrance.png,1920x1080,Full image,,Not started,Ashen Frontier environment; leave space for title overlays; future names and themes require approval.,,,
dungeons-cinderworks-stage-01,Cinderworks stage 1,P3,Proposed dungeon,asset-inbox/dungeons/cinderworks/stage-01.png,1920x1080,Full image,,Not started,Different location within the same dungeon; do not reuse the entrance composition.,,,
dungeons-cinderworks-stage-02,Cinderworks stage 2,P3,Proposed dungeon,asset-inbox/dungeons/cinderworks/stage-02.png,1920x1080,Full image,,Not started,Different location within the same dungeon; do not reuse the entrance composition.,,,
dungeons-cinderworks-stage-03,Cinderworks stage 3,P3,Proposed dungeon,asset-inbox/dungeons/cinderworks/stage-03.png,1920x1080,Full image,,Not started,Different location within the same dungeon; do not reuse the entrance composition.,,,
dungeons-cinderworks-stage-04,Cinderworks stage 4,P3,Proposed dungeon,asset-inbox/dungeons/cinderworks/stage-04.png,1920x1080,Full image,,Not started,Different location within the same dungeon; do not reuse the entrance composition.,,,
dungeons-cinderworks-boss-arena,Cinderworks boss arena,P3,Proposed dungeon,asset-inbox/dungeons/cinderworks/boss-arena.png,1920x1080,Full image,,Not started,Environment without boss; clear center for future combat overlays.,,,
dungeons-cinderworks-boss,Cinderworks boss,P3,Proposed dungeon,asset-inbox/dungeons/cinderworks/boss.png,1024x1024,Full image,,Not started,Boss identity must be approved for proposed dungeons. Existing wide boss art may be retained until a portrait is needed.,,,
dungeons-cinderworks-enemy-charging,Cinderworks charging enemy,P3,Proposed enemy identity,asset-inbox/dungeons/cinderworks/enemy-charging.png,1024x1024,Full image,,Not started,Enemy design pending; visual silhouette should communicate charging behavior.,,,
dungeons-cinderworks-enemy-channeling,Cinderworks channeling enemy,P3,Proposed enemy identity,asset-inbox/dungeons/cinderworks/enemy-channeling.png,1024x1024,Full image,,Not started,Enemy design pending; visual silhouette should communicate channeling behavior.,,,
dungeons-cinderworks-enemy-fortified,Cinderworks fortified enemy,P3,Proposed enemy identity,asset-inbox/dungeons/cinderworks/enemy-fortified.png,1024x1024,Full image,,Not started,Enemy design pending; visual silhouette should communicate fortified behavior.,,,
dungeons-obsidian-crucible-entrance,Obsidian Crucible entrance,P3,Proposed dungeon,asset-inbox/dungeons/obsidian-crucible/entrance.png,1920x1080,Full image,,Not started,Ashen Frontier environment; leave space for title overlays; future names and themes require approval.,,,
dungeons-obsidian-crucible-stage-01,Obsidian Crucible stage 1,P3,Proposed dungeon,asset-inbox/dungeons/obsidian-crucible/stage-01.png,1920x1080,Full image,,Not started,Different location within the same dungeon; do not reuse the entrance composition.,,,
dungeons-obsidian-crucible-stage-02,Obsidian Crucible stage 2,P3,Proposed dungeon,asset-inbox/dungeons/obsidian-crucible/stage-02.png,1920x1080,Full image,,Not started,Different location within the same dungeon; do not reuse the entrance composition.,,,
dungeons-obsidian-crucible-stage-03,Obsidian Crucible stage 3,P3,Proposed dungeon,asset-inbox/dungeons/obsidian-crucible/stage-03.png,1920x1080,Full image,,Not started,Different location within the same dungeon; do not reuse the entrance composition.,,,
dungeons-obsidian-crucible-stage-04,Obsidian Crucible stage 4,P3,Proposed dungeon,asset-inbox/dungeons/obsidian-crucible/stage-04.png,1920x1080,Full image,,Not started,Different location within the same dungeon; do not reuse the entrance composition.,,,
dungeons-obsidian-crucible-boss-arena,Obsidian Crucible boss arena,P3,Proposed dungeon,asset-inbox/dungeons/obsidian-crucible/boss-arena.png,1920x1080,Full image,,Not started,Environment without boss; clear center for future combat overlays.,,,
dungeons-obsidian-crucible-boss,Obsidian Crucible boss,P3,Proposed dungeon,asset-inbox/dungeons/obsidian-crucible/boss.png,1024x1024,Full image,,Not started,Boss identity must be approved for proposed dungeons. Existing wide boss art may be retained until a portrait is needed.,,,
dungeons-obsidian-crucible-enemy-charging,Obsidian Crucible charging enemy,P3,Proposed enemy identity,asset-inbox/dungeons/obsidian-crucible/enemy-charging.png,1024x1024,Full image,,Not started,Enemy design pending; visual silhouette should communicate charging behavior.,,,
dungeons-obsidian-crucible-enemy-channeling,Obsidian Crucible channeling enemy,P3,Proposed enemy identity,asset-inbox/dungeons/obsidian-crucible/enemy-channeling.png,1024x1024,Full image,,Not started,Enemy design pending; visual silhouette should communicate channeling behavior.,,,
dungeons-obsidian-crucible-enemy-fortified,Obsidian Crucible fortified enemy,P3,Proposed enemy identity,asset-inbox/dungeons/obsidian-crucible/enemy-fortified.png,1024x1024,Full image,,Not started,Enemy design pending; visual silhouette should communicate fortified behavior.,,,
dungeons-caldera-of-the-first-fire-entrance,Caldera of the First Fire entrance,P3,Proposed dungeon,asset-inbox/dungeons/caldera-of-the-first-fire/entrance.png,1920x1080,Full image,,Not started,Ashen Frontier environment; leave space for title overlays; future names and themes require approval.,,,
dungeons-caldera-of-the-first-fire-stage-01,Caldera of the First Fire stage 1,P3,Proposed dungeon,asset-inbox/dungeons/caldera-of-the-first-fire/stage-01.png,1920x1080,Full image,,Not started,Different location within the same dungeon; do not reuse the entrance composition.,,,
dungeons-caldera-of-the-first-fire-stage-02,Caldera of the First Fire stage 2,P3,Proposed dungeon,asset-inbox/dungeons/caldera-of-the-first-fire/stage-02.png,1920x1080,Full image,,Not started,Different location within the same dungeon; do not reuse the entrance composition.,,,
dungeons-caldera-of-the-first-fire-stage-03,Caldera of the First Fire stage 3,P3,Proposed dungeon,asset-inbox/dungeons/caldera-of-the-first-fire/stage-03.png,1920x1080,Full image,,Not started,Different location within the same dungeon; do not reuse the entrance composition.,,,
dungeons-caldera-of-the-first-fire-stage-04,Caldera of the First Fire stage 4,P3,Proposed dungeon,asset-inbox/dungeons/caldera-of-the-first-fire/stage-04.png,1920x1080,Full image,,Not started,Different location within the same dungeon; do not reuse the entrance composition.,,,
dungeons-caldera-of-the-first-fire-boss-arena,Caldera of the First Fire boss arena,P3,Proposed dungeon,asset-inbox/dungeons/caldera-of-the-first-fire/boss-arena.png,1920x1080,Full image,,Not started,Environment without boss; clear center for future combat overlays.,,,
dungeons-caldera-of-the-first-fire-boss,Caldera of the First Fire boss,P3,Proposed dungeon,asset-inbox/dungeons/caldera-of-the-first-fire/boss.png,1024x1024,Full image,,Not started,Boss identity must be approved for proposed dungeons. Existing wide boss art may be retained until a portrait is needed.,,,
dungeons-caldera-of-the-first-fire-enemy-charging,Caldera of the First Fire charging enemy,P3,Proposed enemy identity,asset-inbox/dungeons/caldera-of-the-first-fire/enemy-charging.png,1024x1024,Full image,,Not started,Enemy design pending; visual silhouette should communicate charging behavior.,,,
dungeons-caldera-of-the-first-fire-enemy-channeling,Caldera of the First Fire channeling enemy,P3,Proposed enemy identity,asset-inbox/dungeons/caldera-of-the-first-fire/enemy-channeling.png,1024x1024,Full image,,Not started,Enemy design pending; visual silhouette should communicate channeling behavior.,,,
dungeons-caldera-of-the-first-fire-enemy-fortified,Caldera of the First Fire fortified enemy,P3,Proposed enemy identity,asset-inbox/dungeons/caldera-of-the-first-fire/enemy-fortified.png,1024x1024,Full image,,Not started,Enemy design pending; visual silhouette should communicate fortified behavior.,,,
dungeons-saltwind-wrecks-entrance,Saltwind Wrecks entrance,P3,Proposed dungeon,asset-inbox/dungeons/saltwind-wrecks/entrance.png,1920x1080,Full image,,Not started,Drowned Coast environment; leave space for title overlays; future names and themes require approval.,,,
dungeons-saltwind-wrecks-stage-01,Saltwind Wrecks stage 1,P3,Proposed dungeon,asset-inbox/dungeons/saltwind-wrecks/stage-01.png,1920x1080,Full image,,Not started,Different location within the same dungeon; do not reuse the entrance composition.,,,
dungeons-saltwind-wrecks-stage-02,Saltwind Wrecks stage 2,P3,Proposed dungeon,asset-inbox/dungeons/saltwind-wrecks/stage-02.png,1920x1080,Full image,,Not started,Different location within the same dungeon; do not reuse the entrance composition.,,,
dungeons-saltwind-wrecks-stage-03,Saltwind Wrecks stage 3,P3,Proposed dungeon,asset-inbox/dungeons/saltwind-wrecks/stage-03.png,1920x1080,Full image,,Not started,Different location within the same dungeon; do not reuse the entrance composition.,,,
dungeons-saltwind-wrecks-stage-04,Saltwind Wrecks stage 4,P3,Proposed dungeon,asset-inbox/dungeons/saltwind-wrecks/stage-04.png,1920x1080,Full image,,Not started,Different location within the same dungeon; do not reuse the entrance composition.,,,
dungeons-saltwind-wrecks-boss-arena,Saltwind Wrecks boss arena,P3,Proposed dungeon,asset-inbox/dungeons/saltwind-wrecks/boss-arena.png,1920x1080,Full image,,Not started,Environment without boss; clear center for future combat overlays.,,,
dungeons-saltwind-wrecks-boss,Saltwind Wrecks boss,P3,Proposed dungeon,asset-inbox/dungeons/saltwind-wrecks/boss.png,1024x1024,Full image,,Not started,Boss identity must be approved for proposed dungeons. Existing wide boss art may be retained until a portrait is needed.,,,
dungeons-saltwind-wrecks-enemy-charging,Saltwind Wrecks charging enemy,P3,Proposed enemy identity,asset-inbox/dungeons/saltwind-wrecks/enemy-charging.png,1024x1024,Full image,,Not started,Enemy design pending; visual silhouette should communicate charging behavior.,,,
dungeons-saltwind-wrecks-enemy-channeling,Saltwind Wrecks channeling enemy,P3,Proposed enemy identity,asset-inbox/dungeons/saltwind-wrecks/enemy-channeling.png,1024x1024,Full image,,Not started,Enemy design pending; visual silhouette should communicate channeling behavior.,,,
dungeons-saltwind-wrecks-enemy-fortified,Saltwind Wrecks fortified enemy,P3,Proposed enemy identity,asset-inbox/dungeons/saltwind-wrecks/enemy-fortified.png,1024x1024,Full image,,Not started,Enemy design pending; visual silhouette should communicate fortified behavior.,,,
dungeons-drowned-basilica-entrance,Drowned Basilica entrance,P3,Proposed dungeon,asset-inbox/dungeons/drowned-basilica/entrance.png,1920x1080,Full image,,Not started,Drowned Coast environment; leave space for title overlays; future names and themes require approval.,,,
dungeons-drowned-basilica-stage-01,Drowned Basilica stage 1,P3,Proposed dungeon,asset-inbox/dungeons/drowned-basilica/stage-01.png,1920x1080,Full image,,Not started,Different location within the same dungeon; do not reuse the entrance composition.,,,
dungeons-drowned-basilica-stage-02,Drowned Basilica stage 2,P3,Proposed dungeon,asset-inbox/dungeons/drowned-basilica/stage-02.png,1920x1080,Full image,,Not started,Different location within the same dungeon; do not reuse the entrance composition.,,,
dungeons-drowned-basilica-stage-03,Drowned Basilica stage 3,P3,Proposed dungeon,asset-inbox/dungeons/drowned-basilica/stage-03.png,1920x1080,Full image,,Not started,Different location within the same dungeon; do not reuse the entrance composition.,,,
dungeons-drowned-basilica-stage-04,Drowned Basilica stage 4,P3,Proposed dungeon,asset-inbox/dungeons/drowned-basilica/stage-04.png,1920x1080,Full image,,Not started,Different location within the same dungeon; do not reuse the entrance composition.,,,
dungeons-drowned-basilica-boss-arena,Drowned Basilica boss arena,P3,Proposed dungeon,asset-inbox/dungeons/drowned-basilica/boss-arena.png,1920x1080,Full image,,Not started,Environment without boss; clear center for future combat overlays.,,,
dungeons-drowned-basilica-boss,Drowned Basilica boss,P3,Proposed dungeon,asset-inbox/dungeons/drowned-basilica/boss.png,1024x1024,Full image,,Not started,Boss identity must be approved for proposed dungeons. Existing wide boss art may be retained until a portrait is needed.,,,
dungeons-drowned-basilica-enemy-charging,Drowned Basilica charging enemy,P3,Proposed enemy identity,asset-inbox/dungeons/drowned-basilica/enemy-charging.png,1024x1024,Full image,,Not started,Enemy design pending; visual silhouette should communicate charging behavior.,,,
dungeons-drowned-basilica-enemy-channeling,Drowned Basilica channeling enemy,P3,Proposed enemy identity,asset-inbox/dungeons/drowned-basilica/enemy-channeling.png,1024x1024,Full image,,Not started,Enemy design pending; visual silhouette should communicate channeling behavior.,,,
dungeons-drowned-basilica-enemy-fortified,Drowned Basilica fortified enemy,P3,Proposed enemy identity,asset-inbox/dungeons/drowned-basilica/enemy-fortified.png,1024x1024,Full image,,Not started,Enemy design pending; visual silhouette should communicate fortified behavior.,,,
dungeons-tempest-bastion-entrance,Tempest Bastion entrance,P3,Proposed dungeon,asset-inbox/dungeons/tempest-bastion/entrance.png,1920x1080,Full image,,Not started,Drowned Coast environment; leave space for title overlays; future names and themes require approval.,,,
dungeons-tempest-bastion-stage-01,Tempest Bastion stage 1,P3,Proposed dungeon,asset-inbox/dungeons/tempest-bastion/stage-01.png,1920x1080,Full image,,Not started,Different location within the same dungeon; do not reuse the entrance composition.,,,
dungeons-tempest-bastion-stage-02,Tempest Bastion stage 2,P3,Proposed dungeon,asset-inbox/dungeons/tempest-bastion/stage-02.png,1920x1080,Full image,,Not started,Different location within the same dungeon; do not reuse the entrance composition.,,,
dungeons-tempest-bastion-stage-03,Tempest Bastion stage 3,P3,Proposed dungeon,asset-inbox/dungeons/tempest-bastion/stage-03.png,1920x1080,Full image,,Not started,Different location within the same dungeon; do not reuse the entrance composition.,,,
dungeons-tempest-bastion-stage-04,Tempest Bastion stage 4,P3,Proposed dungeon,asset-inbox/dungeons/tempest-bastion/stage-04.png,1920x1080,Full image,,Not started,Different location within the same dungeon; do not reuse the entrance composition.,,,
dungeons-tempest-bastion-boss-arena,Tempest Bastion boss arena,P3,Proposed dungeon,asset-inbox/dungeons/tempest-bastion/boss-arena.png,1920x1080,Full image,,Not started,Environment without boss; clear center for future combat overlays.,,,
dungeons-tempest-bastion-boss,Tempest Bastion boss,P3,Proposed dungeon,asset-inbox/dungeons/tempest-bastion/boss.png,1024x1024,Full image,,Not started,Boss identity must be approved for proposed dungeons. Existing wide boss art may be retained until a portrait is needed.,,,
dungeons-tempest-bastion-enemy-charging,Tempest Bastion charging enemy,P3,Proposed enemy identity,asset-inbox/dungeons/tempest-bastion/enemy-charging.png,1024x1024,Full image,,Not started,Enemy design pending; visual silhouette should communicate charging behavior.,,,
dungeons-tempest-bastion-enemy-channeling,Tempest Bastion channeling enemy,P3,Proposed enemy identity,asset-inbox/dungeons/tempest-bastion/enemy-channeling.png,1024x1024,Full image,,Not started,Enemy design pending; visual silhouette should communicate channeling behavior.,,,
dungeons-tempest-bastion-enemy-fortified,Tempest Bastion fortified enemy,P3,Proposed enemy identity,asset-inbox/dungeons/tempest-bastion/enemy-fortified.png,1024x1024,Full image,,Not started,Enemy design pending; visual silhouette should communicate fortified behavior.,,,
dungeons-abyssal-court-entrance,Abyssal Court entrance,P3,Proposed dungeon,asset-inbox/dungeons/abyssal-court/entrance.png,1920x1080,Full image,,Not started,Drowned Coast environment; leave space for title overlays; future names and themes require approval.,,,
dungeons-abyssal-court-stage-01,Abyssal Court stage 1,P3,Proposed dungeon,asset-inbox/dungeons/abyssal-court/stage-01.png,1920x1080,Full image,,Not started,Different location within the same dungeon; do not reuse the entrance composition.,,,
dungeons-abyssal-court-stage-02,Abyssal Court stage 2,P3,Proposed dungeon,asset-inbox/dungeons/abyssal-court/stage-02.png,1920x1080,Full image,,Not started,Different location within the same dungeon; do not reuse the entrance composition.,,,
dungeons-abyssal-court-stage-03,Abyssal Court stage 3,P3,Proposed dungeon,asset-inbox/dungeons/abyssal-court/stage-03.png,1920x1080,Full image,,Not started,Different location within the same dungeon; do not reuse the entrance composition.,,,
dungeons-abyssal-court-stage-04,Abyssal Court stage 4,P3,Proposed dungeon,asset-inbox/dungeons/abyssal-court/stage-04.png,1920x1080,Full image,,Not started,Different location within the same dungeon; do not reuse the entrance composition.,,,
dungeons-abyssal-court-boss-arena,Abyssal Court boss arena,P3,Proposed dungeon,asset-inbox/dungeons/abyssal-court/boss-arena.png,1920x1080,Full image,,Not started,Environment without boss; clear center for future combat overlays.,,,
dungeons-abyssal-court-boss,Abyssal Court boss,P3,Proposed dungeon,asset-inbox/dungeons/abyssal-court/boss.png,1024x1024,Full image,,Not started,Boss identity must be approved for proposed dungeons. Existing wide boss art may be retained until a portrait is needed.,,,
dungeons-abyssal-court-enemy-charging,Abyssal Court charging enemy,P3,Proposed enemy identity,asset-inbox/dungeons/abyssal-court/enemy-charging.png,1024x1024,Full image,,Not started,Enemy design pending; visual silhouette should communicate charging behavior.,,,
dungeons-abyssal-court-enemy-channeling,Abyssal Court channeling enemy,P3,Proposed enemy identity,asset-inbox/dungeons/abyssal-court/enemy-channeling.png,1024x1024,Full image,,Not started,Enemy design pending; visual silhouette should communicate channeling behavior.,,,
dungeons-abyssal-court-enemy-fortified,Abyssal Court fortified enemy,P3,Proposed enemy identity,asset-inbox/dungeons/abyssal-court/enemy-fortified.png,1024x1024,Full image,,Not started,Enemy design pending; visual silhouette should communicate fortified behavior.,,,
dungeons-glasswood-rift-entrance,Glasswood Rift entrance,P3,Proposed dungeon,asset-inbox/dungeons/glasswood-rift/entrance.png,1920x1080,Full image,,Not started,Shattered Expanse environment; leave space for title overlays; future names and themes require approval.,,,
dungeons-glasswood-rift-stage-01,Glasswood Rift stage 1,P3,Proposed dungeon,asset-inbox/dungeons/glasswood-rift/stage-01.png,1920x1080,Full image,,Not started,Different location within the same dungeon; do not reuse the entrance composition.,,,
dungeons-glasswood-rift-stage-02,Glasswood Rift stage 2,P3,Proposed dungeon,asset-inbox/dungeons/glasswood-rift/stage-02.png,1920x1080,Full image,,Not started,Different location within the same dungeon; do not reuse the entrance composition.,,,
dungeons-glasswood-rift-stage-03,Glasswood Rift stage 3,P3,Proposed dungeon,asset-inbox/dungeons/glasswood-rift/stage-03.png,1920x1080,Full image,,Not started,Different location within the same dungeon; do not reuse the entrance composition.,,,
dungeons-glasswood-rift-stage-04,Glasswood Rift stage 4,P3,Proposed dungeon,asset-inbox/dungeons/glasswood-rift/stage-04.png,1920x1080,Full image,,Not started,Different location within the same dungeon; do not reuse the entrance composition.,,,
dungeons-glasswood-rift-boss-arena,Glasswood Rift boss arena,P3,Proposed dungeon,asset-inbox/dungeons/glasswood-rift/boss-arena.png,1920x1080,Full image,,Not started,Environment without boss; clear center for future combat overlays.,,,
dungeons-glasswood-rift-boss,Glasswood Rift boss,P3,Proposed dungeon,asset-inbox/dungeons/glasswood-rift/boss.png,1024x1024,Full image,,Not started,Boss identity must be approved for proposed dungeons. Existing wide boss art may be retained until a portrait is needed.,,,
dungeons-glasswood-rift-enemy-charging,Glasswood Rift charging enemy,P3,Proposed enemy identity,asset-inbox/dungeons/glasswood-rift/enemy-charging.png,1024x1024,Full image,,Not started,Enemy design pending; visual silhouette should communicate charging behavior.,,,
dungeons-glasswood-rift-enemy-channeling,Glasswood Rift channeling enemy,P3,Proposed enemy identity,asset-inbox/dungeons/glasswood-rift/enemy-channeling.png,1024x1024,Full image,,Not started,Enemy design pending; visual silhouette should communicate channeling behavior.,,,
dungeons-glasswood-rift-enemy-fortified,Glasswood Rift fortified enemy,P3,Proposed enemy identity,asset-inbox/dungeons/glasswood-rift/enemy-fortified.png,1024x1024,Full image,,Not started,Enemy design pending; visual silhouette should communicate fortified behavior.,,,
dungeons-astral-archive-entrance,Astral Archive entrance,P3,Proposed dungeon,asset-inbox/dungeons/astral-archive/entrance.png,1920x1080,Full image,,Not started,Shattered Expanse environment; leave space for title overlays; future names and themes require approval.,,,
dungeons-astral-archive-stage-01,Astral Archive stage 1,P3,Proposed dungeon,asset-inbox/dungeons/astral-archive/stage-01.png,1920x1080,Full image,,Not started,Different location within the same dungeon; do not reuse the entrance composition.,,,
dungeons-astral-archive-stage-02,Astral Archive stage 2,P3,Proposed dungeon,asset-inbox/dungeons/astral-archive/stage-02.png,1920x1080,Full image,,Not started,Different location within the same dungeon; do not reuse the entrance composition.,,,
dungeons-astral-archive-stage-03,Astral Archive stage 3,P3,Proposed dungeon,asset-inbox/dungeons/astral-archive/stage-03.png,1920x1080,Full image,,Not started,Different location within the same dungeon; do not reuse the entrance composition.,,,
dungeons-astral-archive-stage-04,Astral Archive stage 4,P3,Proposed dungeon,asset-inbox/dungeons/astral-archive/stage-04.png,1920x1080,Full image,,Not started,Different location within the same dungeon; do not reuse the entrance composition.,,,
dungeons-astral-archive-boss-arena,Astral Archive boss arena,P3,Proposed dungeon,asset-inbox/dungeons/astral-archive/boss-arena.png,1920x1080,Full image,,Not started,Environment without boss; clear center for future combat overlays.,,,
dungeons-astral-archive-boss,Astral Archive boss,P3,Proposed dungeon,asset-inbox/dungeons/astral-archive/boss.png,1024x1024,Full image,,Not started,Boss identity must be approved for proposed dungeons. Existing wide boss art may be retained until a portrait is needed.,,,
dungeons-astral-archive-enemy-charging,Astral Archive charging enemy,P3,Proposed enemy identity,asset-inbox/dungeons/astral-archive/enemy-charging.png,1024x1024,Full image,,Not started,Enemy design pending; visual silhouette should communicate charging behavior.,,,
dungeons-astral-archive-enemy-channeling,Astral Archive channeling enemy,P3,Proposed enemy identity,asset-inbox/dungeons/astral-archive/enemy-channeling.png,1024x1024,Full image,,Not started,Enemy design pending; visual silhouette should communicate channeling behavior.,,,
dungeons-astral-archive-enemy-fortified,Astral Archive fortified enemy,P3,Proposed enemy identity,asset-inbox/dungeons/astral-archive/enemy-fortified.png,1024x1024,Full image,,Not started,Enemy design pending; visual silhouette should communicate fortified behavior.,,,
dungeons-broken-observatory-entrance,Broken Observatory entrance,P3,Proposed dungeon,asset-inbox/dungeons/broken-observatory/entrance.png,1920x1080,Full image,,Not started,Shattered Expanse environment; leave space for title overlays; future names and themes require approval.,,,
dungeons-broken-observatory-stage-01,Broken Observatory stage 1,P3,Proposed dungeon,asset-inbox/dungeons/broken-observatory/stage-01.png,1920x1080,Full image,,Not started,Different location within the same dungeon; do not reuse the entrance composition.,,,
dungeons-broken-observatory-stage-02,Broken Observatory stage 2,P3,Proposed dungeon,asset-inbox/dungeons/broken-observatory/stage-02.png,1920x1080,Full image,,Not started,Different location within the same dungeon; do not reuse the entrance composition.,,,
dungeons-broken-observatory-stage-03,Broken Observatory stage 3,P3,Proposed dungeon,asset-inbox/dungeons/broken-observatory/stage-03.png,1920x1080,Full image,,Not started,Different location within the same dungeon; do not reuse the entrance composition.,,,
dungeons-broken-observatory-stage-04,Broken Observatory stage 4,P3,Proposed dungeon,asset-inbox/dungeons/broken-observatory/stage-04.png,1920x1080,Full image,,Not started,Different location within the same dungeon; do not reuse the entrance composition.,,,
dungeons-broken-observatory-boss-arena,Broken Observatory boss arena,P3,Proposed dungeon,asset-inbox/dungeons/broken-observatory/boss-arena.png,1920x1080,Full image,,Not started,Environment without boss; clear center for future combat overlays.,,,
dungeons-broken-observatory-boss,Broken Observatory boss,P3,Proposed dungeon,asset-inbox/dungeons/broken-observatory/boss.png,1024x1024,Full image,,Not started,Boss identity must be approved for proposed dungeons. Existing wide boss art may be retained until a portrait is needed.,,,
dungeons-broken-observatory-enemy-charging,Broken Observatory charging enemy,P3,Proposed enemy identity,asset-inbox/dungeons/broken-observatory/enemy-charging.png,1024x1024,Full image,,Not started,Enemy design pending; visual silhouette should communicate charging behavior.,,,
dungeons-broken-observatory-enemy-channeling,Broken Observatory channeling enemy,P3,Proposed enemy identity,asset-inbox/dungeons/broken-observatory/enemy-channeling.png,1024x1024,Full image,,Not started,Enemy design pending; visual silhouette should communicate channeling behavior.,,,
dungeons-broken-observatory-enemy-fortified,Broken Observatory fortified enemy,P3,Proposed enemy identity,asset-inbox/dungeons/broken-observatory/enemy-fortified.png,1024x1024,Full image,,Not started,Enemy design pending; visual silhouette should communicate fortified behavior.,,,
dungeons-oathbreakers-end-entrance,Oathbreakers End entrance,P3,Proposed dungeon,asset-inbox/dungeons/oathbreakers-end/entrance.png,1920x1080,Full image,,Not started,Shattered Expanse environment; leave space for title overlays; future names and themes require approval.,,,
dungeons-oathbreakers-end-stage-01,Oathbreakers End stage 1,P3,Proposed dungeon,asset-inbox/dungeons/oathbreakers-end/stage-01.png,1920x1080,Full image,,Not started,Different location within the same dungeon; do not reuse the entrance composition.,,,
dungeons-oathbreakers-end-stage-02,Oathbreakers End stage 2,P3,Proposed dungeon,asset-inbox/dungeons/oathbreakers-end/stage-02.png,1920x1080,Full image,,Not started,Different location within the same dungeon; do not reuse the entrance composition.,,,
dungeons-oathbreakers-end-stage-03,Oathbreakers End stage 3,P3,Proposed dungeon,asset-inbox/dungeons/oathbreakers-end/stage-03.png,1920x1080,Full image,,Not started,Different location within the same dungeon; do not reuse the entrance composition.,,,
dungeons-oathbreakers-end-stage-04,Oathbreakers End stage 4,P3,Proposed dungeon,asset-inbox/dungeons/oathbreakers-end/stage-04.png,1920x1080,Full image,,Not started,Different location within the same dungeon; do not reuse the entrance composition.,,,
dungeons-oathbreakers-end-boss-arena,Oathbreakers End boss arena,P3,Proposed dungeon,asset-inbox/dungeons/oathbreakers-end/boss-arena.png,1920x1080,Full image,,Not started,Environment without boss; clear center for future combat overlays.,,,
dungeons-oathbreakers-end-boss,Oathbreakers End boss,P3,Proposed dungeon,asset-inbox/dungeons/oathbreakers-end/boss.png,1024x1024,Full image,,Not started,Boss identity must be approved for proposed dungeons. Existing wide boss art may be retained until a portrait is needed.,,,
dungeons-oathbreakers-end-enemy-charging,Oathbreakers End charging enemy,P3,Proposed enemy identity,asset-inbox/dungeons/oathbreakers-end/enemy-charging.png,1024x1024,Full image,,Not started,Enemy design pending; visual silhouette should communicate charging behavior.,,,
dungeons-oathbreakers-end-enemy-channeling,Oathbreakers End channeling enemy,P3,Proposed enemy identity,asset-inbox/dungeons/oathbreakers-end/enemy-channeling.png,1024x1024,Full image,,Not started,Enemy design pending; visual silhouette should communicate channeling behavior.,,,
dungeons-oathbreakers-end-enemy-fortified,Oathbreakers End fortified enemy,P3,Proposed enemy identity,asset-inbox/dungeons/oathbreakers-end/enemy-fortified.png,1024x1024,Full image,,Not started,Enemy design pending; visual silhouette should communicate fortified behavior.,,,
character-future-t01-weapons-sword,Tier 1 sword,P3,Proposed equipment system,asset-inbox/character/future/t01/weapons/sword.png,1024x1024,Transparent,,Not started,Base design pending; no rarity effects. Higher tier changes materials and craftsmanship.,,,
character-future-t01-weapons-axe,Tier 1 axe,P3,Proposed equipment system,asset-inbox/character/future/t01/weapons/axe.png,1024x1024,Transparent,,Not started,Base design pending; no rarity effects. Higher tier changes materials and craftsmanship.,,,
character-future-t01-weapons-mace,Tier 1 mace,P3,Proposed equipment system,asset-inbox/character/future/t01/weapons/mace.png,1024x1024,Transparent,,Not started,Base design pending; no rarity effects. Higher tier changes materials and craftsmanship.,,,
character-future-t01-weapons-dagger,Tier 1 dagger,P3,Proposed equipment system,asset-inbox/character/future/t01/weapons/dagger.png,1024x1024,Transparent,,Not started,Base design pending; no rarity effects. Higher tier changes materials and craftsmanship.,,,
character-future-t01-weapons-bow,Tier 1 bow,P3,Proposed equipment system,asset-inbox/character/future/t01/weapons/bow.png,1024x1024,Transparent,,Not started,Base design pending; no rarity effects. Higher tier changes materials and craftsmanship.,,,
character-future-t01-weapons-staff,Tier 1 staff,P3,Proposed equipment system,asset-inbox/character/future/t01/weapons/staff.png,1024x1024,Transparent,,Not started,Base design pending; no rarity effects. Higher tier changes materials and craftsmanship.,,,
character-future-t01-offhand-shield,Tier 1 shield,P3,Proposed equipment system,asset-inbox/character/future/t01/offhand/shield.png,1024x1024,Transparent,,Not started,Base design pending; no rarity effects. Higher tier changes materials and craftsmanship.,,,
character-future-t01-offhand-parrying-blade,Tier 1 parrying-blade,P3,Proposed equipment system,asset-inbox/character/future/t01/offhand/parrying-blade.png,1024x1024,Transparent,,Not started,Base design pending; no rarity effects. Higher tier changes materials and craftsmanship.,,,
character-future-t01-offhand-focus,Tier 1 focus,P3,Proposed equipment system,asset-inbox/character/future/t01/offhand/focus.png,1024x1024,Transparent,,Not started,Base design pending; no rarity effects. Higher tier changes materials and craftsmanship.,,,
character-future-t01-armor-light-helm,Tier 1 light helm,P3,Proposed equipment system,asset-inbox/character/future/t01/armor/light-helm.png,1024x1024,Transparent,,Not started,Cohesive armor family; isolated equipment with consistent orientation.,,,
character-future-t01-armor-light-chest,Tier 1 light chest,P3,Proposed equipment system,asset-inbox/character/future/t01/armor/light-chest.png,1024x1024,Transparent,,Not started,Cohesive armor family; isolated equipment with consistent orientation.,,,
character-future-t01-armor-light-gloves,Tier 1 light gloves,P3,Proposed equipment system,asset-inbox/character/future/t01/armor/light-gloves.png,1024x1024,Transparent,,Not started,Cohesive armor family; isolated equipment with consistent orientation.,,,
character-future-t01-armor-light-greaves,Tier 1 light greaves,P3,Proposed equipment system,asset-inbox/character/future/t01/armor/light-greaves.png,1024x1024,Transparent,,Not started,Cohesive armor family; isolated equipment with consistent orientation.,,,
character-future-t01-armor-light-boots,Tier 1 light boots,P3,Proposed equipment system,asset-inbox/character/future/t01/armor/light-boots.png,1024x1024,Transparent,,Not started,Cohesive armor family; isolated equipment with consistent orientation.,,,
character-future-t01-armor-medium-helm,Tier 1 medium helm,P3,Proposed equipment system,asset-inbox/character/future/t01/armor/medium-helm.png,1024x1024,Transparent,,Not started,Cohesive armor family; isolated equipment with consistent orientation.,,,
character-future-t01-armor-medium-chest,Tier 1 medium chest,P3,Proposed equipment system,asset-inbox/character/future/t01/armor/medium-chest.png,1024x1024,Transparent,,Not started,Cohesive armor family; isolated equipment with consistent orientation.,,,
character-future-t01-armor-medium-gloves,Tier 1 medium gloves,P3,Proposed equipment system,asset-inbox/character/future/t01/armor/medium-gloves.png,1024x1024,Transparent,,Not started,Cohesive armor family; isolated equipment with consistent orientation.,,,
character-future-t01-armor-medium-greaves,Tier 1 medium greaves,P3,Proposed equipment system,asset-inbox/character/future/t01/armor/medium-greaves.png,1024x1024,Transparent,,Not started,Cohesive armor family; isolated equipment with consistent orientation.,,,
character-future-t01-armor-medium-boots,Tier 1 medium boots,P3,Proposed equipment system,asset-inbox/character/future/t01/armor/medium-boots.png,1024x1024,Transparent,,Not started,Cohesive armor family; isolated equipment with consistent orientation.,,,
character-future-t01-armor-heavy-helm,Tier 1 heavy helm,P3,Proposed equipment system,asset-inbox/character/future/t01/armor/heavy-helm.png,1024x1024,Transparent,,Not started,Cohesive armor family; isolated equipment with consistent orientation.,,,
character-future-t01-armor-heavy-chest,Tier 1 heavy chest,P3,Proposed equipment system,asset-inbox/character/future/t01/armor/heavy-chest.png,1024x1024,Transparent,,Not started,Cohesive armor family; isolated equipment with consistent orientation.,,,
character-future-t01-armor-heavy-gloves,Tier 1 heavy gloves,P3,Proposed equipment system,asset-inbox/character/future/t01/armor/heavy-gloves.png,1024x1024,Transparent,,Not started,Cohesive armor family; isolated equipment with consistent orientation.,,,
character-future-t01-armor-heavy-greaves,Tier 1 heavy greaves,P3,Proposed equipment system,asset-inbox/character/future/t01/armor/heavy-greaves.png,1024x1024,Transparent,,Not started,Cohesive armor family; isolated equipment with consistent orientation.,,,
character-future-t01-armor-heavy-boots,Tier 1 heavy boots,P3,Proposed equipment system,asset-inbox/character/future/t01/armor/heavy-boots.png,1024x1024,Transparent,,Not started,Cohesive armor family; isolated equipment with consistent orientation.,,,
character-future-t01-accessories-ring,Tier 1 ring,P3,Proposed equipment system,asset-inbox/character/future/t01/accessories/ring.png,1024x1024,Transparent,,Not started,Concept for one accessory slot; exact item names and bonuses not finalized.,,,
character-future-t01-accessories-amulet,Tier 1 amulet,P3,Proposed equipment system,asset-inbox/character/future/t01/accessories/amulet.png,1024x1024,Transparent,,Not started,Concept for one accessory slot; exact item names and bonuses not finalized.,,,
character-future-t01-accessories-charm,Tier 1 charm,P3,Proposed equipment system,asset-inbox/character/future/t01/accessories/charm.png,1024x1024,Transparent,,Not started,Concept for one accessory slot; exact item names and bonuses not finalized.,,,
character-future-t02-weapons-sword,Tier 2 sword,P3,Proposed equipment system,asset-inbox/character/future/t02/weapons/sword.png,1024x1024,Transparent,,Not started,Base design pending; no rarity effects. Higher tier changes materials and craftsmanship.,,,
character-future-t02-weapons-axe,Tier 2 axe,P3,Proposed equipment system,asset-inbox/character/future/t02/weapons/axe.png,1024x1024,Transparent,,Not started,Base design pending; no rarity effects. Higher tier changes materials and craftsmanship.,,,
character-future-t02-weapons-mace,Tier 2 mace,P3,Proposed equipment system,asset-inbox/character/future/t02/weapons/mace.png,1024x1024,Transparent,,Not started,Base design pending; no rarity effects. Higher tier changes materials and craftsmanship.,,,
character-future-t02-weapons-dagger,Tier 2 dagger,P3,Proposed equipment system,asset-inbox/character/future/t02/weapons/dagger.png,1024x1024,Transparent,,Not started,Base design pending; no rarity effects. Higher tier changes materials and craftsmanship.,,,
character-future-t02-weapons-bow,Tier 2 bow,P3,Proposed equipment system,asset-inbox/character/future/t02/weapons/bow.png,1024x1024,Transparent,,Not started,Base design pending; no rarity effects. Higher tier changes materials and craftsmanship.,,,
character-future-t02-weapons-staff,Tier 2 staff,P3,Proposed equipment system,asset-inbox/character/future/t02/weapons/staff.png,1024x1024,Transparent,,Not started,Base design pending; no rarity effects. Higher tier changes materials and craftsmanship.,,,
character-future-t02-offhand-shield,Tier 2 shield,P3,Proposed equipment system,asset-inbox/character/future/t02/offhand/shield.png,1024x1024,Transparent,,Not started,Base design pending; no rarity effects. Higher tier changes materials and craftsmanship.,,,
character-future-t02-offhand-parrying-blade,Tier 2 parrying-blade,P3,Proposed equipment system,asset-inbox/character/future/t02/offhand/parrying-blade.png,1024x1024,Transparent,,Not started,Base design pending; no rarity effects. Higher tier changes materials and craftsmanship.,,,
character-future-t02-offhand-focus,Tier 2 focus,P3,Proposed equipment system,asset-inbox/character/future/t02/offhand/focus.png,1024x1024,Transparent,,Not started,Base design pending; no rarity effects. Higher tier changes materials and craftsmanship.,,,
character-future-t02-armor-light-helm,Tier 2 light helm,P3,Proposed equipment system,asset-inbox/character/future/t02/armor/light-helm.png,1024x1024,Transparent,,Not started,Cohesive armor family; isolated equipment with consistent orientation.,,,
character-future-t02-armor-light-chest,Tier 2 light chest,P3,Proposed equipment system,asset-inbox/character/future/t02/armor/light-chest.png,1024x1024,Transparent,,Not started,Cohesive armor family; isolated equipment with consistent orientation.,,,
character-future-t02-armor-light-gloves,Tier 2 light gloves,P3,Proposed equipment system,asset-inbox/character/future/t02/armor/light-gloves.png,1024x1024,Transparent,,Not started,Cohesive armor family; isolated equipment with consistent orientation.,,,
character-future-t02-armor-light-greaves,Tier 2 light greaves,P3,Proposed equipment system,asset-inbox/character/future/t02/armor/light-greaves.png,1024x1024,Transparent,,Not started,Cohesive armor family; isolated equipment with consistent orientation.,,,
character-future-t02-armor-light-boots,Tier 2 light boots,P3,Proposed equipment system,asset-inbox/character/future/t02/armor/light-boots.png,1024x1024,Transparent,,Not started,Cohesive armor family; isolated equipment with consistent orientation.,,,
character-future-t02-armor-medium-helm,Tier 2 medium helm,P3,Proposed equipment system,asset-inbox/character/future/t02/armor/medium-helm.png,1024x1024,Transparent,,Not started,Cohesive armor family; isolated equipment with consistent orientation.,,,
character-future-t02-armor-medium-chest,Tier 2 medium chest,P3,Proposed equipment system,asset-inbox/character/future/t02/armor/medium-chest.png,1024x1024,Transparent,,Not started,Cohesive armor family; isolated equipment with consistent orientation.,,,
character-future-t02-armor-medium-gloves,Tier 2 medium gloves,P3,Proposed equipment system,asset-inbox/character/future/t02/armor/medium-gloves.png,1024x1024,Transparent,,Not started,Cohesive armor family; isolated equipment with consistent orientation.,,,
character-future-t02-armor-medium-greaves,Tier 2 medium greaves,P3,Proposed equipment system,asset-inbox/character/future/t02/armor/medium-greaves.png,1024x1024,Transparent,,Not started,Cohesive armor family; isolated equipment with consistent orientation.,,,
character-future-t02-armor-medium-boots,Tier 2 medium boots,P3,Proposed equipment system,asset-inbox/character/future/t02/armor/medium-boots.png,1024x1024,Transparent,,Not started,Cohesive armor family; isolated equipment with consistent orientation.,,,
character-future-t02-armor-heavy-helm,Tier 2 heavy helm,P3,Proposed equipment system,asset-inbox/character/future/t02/armor/heavy-helm.png,1024x1024,Transparent,,Not started,Cohesive armor family; isolated equipment with consistent orientation.,,,
character-future-t02-armor-heavy-chest,Tier 2 heavy chest,P3,Proposed equipment system,asset-inbox/character/future/t02/armor/heavy-chest.png,1024x1024,Transparent,,Not started,Cohesive armor family; isolated equipment with consistent orientation.,,,
character-future-t02-armor-heavy-gloves,Tier 2 heavy gloves,P3,Proposed equipment system,asset-inbox/character/future/t02/armor/heavy-gloves.png,1024x1024,Transparent,,Not started,Cohesive armor family; isolated equipment with consistent orientation.,,,
character-future-t02-armor-heavy-greaves,Tier 2 heavy greaves,P3,Proposed equipment system,asset-inbox/character/future/t02/armor/heavy-greaves.png,1024x1024,Transparent,,Not started,Cohesive armor family; isolated equipment with consistent orientation.,,,
character-future-t02-armor-heavy-boots,Tier 2 heavy boots,P3,Proposed equipment system,asset-inbox/character/future/t02/armor/heavy-boots.png,1024x1024,Transparent,,Not started,Cohesive armor family; isolated equipment with consistent orientation.,,,
character-future-t02-accessories-ring,Tier 2 ring,P3,Proposed equipment system,asset-inbox/character/future/t02/accessories/ring.png,1024x1024,Transparent,,Not started,Concept for one accessory slot; exact item names and bonuses not finalized.,,,
character-future-t02-accessories-amulet,Tier 2 amulet,P3,Proposed equipment system,asset-inbox/character/future/t02/accessories/amulet.png,1024x1024,Transparent,,Not started,Concept for one accessory slot; exact item names and bonuses not finalized.,,,
character-future-t02-accessories-charm,Tier 2 charm,P3,Proposed equipment system,asset-inbox/character/future/t02/accessories/charm.png,1024x1024,Transparent,,Not started,Concept for one accessory slot; exact item names and bonuses not finalized.,,,
character-future-t03-weapons-sword,Tier 3 sword,P3,Proposed equipment system,asset-inbox/character/future/t03/weapons/sword.png,1024x1024,Transparent,,Not started,Base design pending; no rarity effects. Higher tier changes materials and craftsmanship.,,,
character-future-t03-weapons-axe,Tier 3 axe,P3,Proposed equipment system,asset-inbox/character/future/t03/weapons/axe.png,1024x1024,Transparent,,Not started,Base design pending; no rarity effects. Higher tier changes materials and craftsmanship.,,,
character-future-t03-weapons-mace,Tier 3 mace,P3,Proposed equipment system,asset-inbox/character/future/t03/weapons/mace.png,1024x1024,Transparent,,Not started,Base design pending; no rarity effects. Higher tier changes materials and craftsmanship.,,,
character-future-t03-weapons-dagger,Tier 3 dagger,P3,Proposed equipment system,asset-inbox/character/future/t03/weapons/dagger.png,1024x1024,Transparent,,Not started,Base design pending; no rarity effects. Higher tier changes materials and craftsmanship.,,,
character-future-t03-weapons-bow,Tier 3 bow,P3,Proposed equipment system,asset-inbox/character/future/t03/weapons/bow.png,1024x1024,Transparent,,Not started,Base design pending; no rarity effects. Higher tier changes materials and craftsmanship.,,,
character-future-t03-weapons-staff,Tier 3 staff,P3,Proposed equipment system,asset-inbox/character/future/t03/weapons/staff.png,1024x1024,Transparent,,Not started,Base design pending; no rarity effects. Higher tier changes materials and craftsmanship.,,,
character-future-t03-offhand-shield,Tier 3 shield,P3,Proposed equipment system,asset-inbox/character/future/t03/offhand/shield.png,1024x1024,Transparent,,Not started,Base design pending; no rarity effects. Higher tier changes materials and craftsmanship.,,,
character-future-t03-offhand-parrying-blade,Tier 3 parrying-blade,P3,Proposed equipment system,asset-inbox/character/future/t03/offhand/parrying-blade.png,1024x1024,Transparent,,Not started,Base design pending; no rarity effects. Higher tier changes materials and craftsmanship.,,,
character-future-t03-offhand-focus,Tier 3 focus,P3,Proposed equipment system,asset-inbox/character/future/t03/offhand/focus.png,1024x1024,Transparent,,Not started,Base design pending; no rarity effects. Higher tier changes materials and craftsmanship.,,,
character-future-t03-armor-light-helm,Tier 3 light helm,P3,Proposed equipment system,asset-inbox/character/future/t03/armor/light-helm.png,1024x1024,Transparent,,Not started,Cohesive armor family; isolated equipment with consistent orientation.,,,
character-future-t03-armor-light-chest,Tier 3 light chest,P3,Proposed equipment system,asset-inbox/character/future/t03/armor/light-chest.png,1024x1024,Transparent,,Not started,Cohesive armor family; isolated equipment with consistent orientation.,,,
character-future-t03-armor-light-gloves,Tier 3 light gloves,P3,Proposed equipment system,asset-inbox/character/future/t03/armor/light-gloves.png,1024x1024,Transparent,,Not started,Cohesive armor family; isolated equipment with consistent orientation.,,,
character-future-t03-armor-light-greaves,Tier 3 light greaves,P3,Proposed equipment system,asset-inbox/character/future/t03/armor/light-greaves.png,1024x1024,Transparent,,Not started,Cohesive armor family; isolated equipment with consistent orientation.,,,
character-future-t03-armor-light-boots,Tier 3 light boots,P3,Proposed equipment system,asset-inbox/character/future/t03/armor/light-boots.png,1024x1024,Transparent,,Not started,Cohesive armor family; isolated equipment with consistent orientation.,,,
character-future-t03-armor-medium-helm,Tier 3 medium helm,P3,Proposed equipment system,asset-inbox/character/future/t03/armor/medium-helm.png,1024x1024,Transparent,,Not started,Cohesive armor family; isolated equipment with consistent orientation.,,,
character-future-t03-armor-medium-chest,Tier 3 medium chest,P3,Proposed equipment system,asset-inbox/character/future/t03/armor/medium-chest.png,1024x1024,Transparent,,Not started,Cohesive armor family; isolated equipment with consistent orientation.,,,
character-future-t03-armor-medium-gloves,Tier 3 medium gloves,P3,Proposed equipment system,asset-inbox/character/future/t03/armor/medium-gloves.png,1024x1024,Transparent,,Not started,Cohesive armor family; isolated equipment with consistent orientation.,,,
character-future-t03-armor-medium-greaves,Tier 3 medium greaves,P3,Proposed equipment system,asset-inbox/character/future/t03/armor/medium-greaves.png,1024x1024,Transparent,,Not started,Cohesive armor family; isolated equipment with consistent orientation.,,,
character-future-t03-armor-medium-boots,Tier 3 medium boots,P3,Proposed equipment system,asset-inbox/character/future/t03/armor/medium-boots.png,1024x1024,Transparent,,Not started,Cohesive armor family; isolated equipment with consistent orientation.,,,
character-future-t03-armor-heavy-helm,Tier 3 heavy helm,P3,Proposed equipment system,asset-inbox/character/future/t03/armor/heavy-helm.png,1024x1024,Transparent,,Not started,Cohesive armor family; isolated equipment with consistent orientation.,,,
character-future-t03-armor-heavy-chest,Tier 3 heavy chest,P3,Proposed equipment system,asset-inbox/character/future/t03/armor/heavy-chest.png,1024x1024,Transparent,,Not started,Cohesive armor family; isolated equipment with consistent orientation.,,,
character-future-t03-armor-heavy-gloves,Tier 3 heavy gloves,P3,Proposed equipment system,asset-inbox/character/future/t03/armor/heavy-gloves.png,1024x1024,Transparent,,Not started,Cohesive armor family; isolated equipment with consistent orientation.,,,
character-future-t03-armor-heavy-greaves,Tier 3 heavy greaves,P3,Proposed equipment system,asset-inbox/character/future/t03/armor/heavy-greaves.png,1024x1024,Transparent,,Not started,Cohesive armor family; isolated equipment with consistent orientation.,,,
character-future-t03-armor-heavy-boots,Tier 3 heavy boots,P3,Proposed equipment system,asset-inbox/character/future/t03/armor/heavy-boots.png,1024x1024,Transparent,,Not started,Cohesive armor family; isolated equipment with consistent orientation.,,,
character-future-t03-accessories-ring,Tier 3 ring,P3,Proposed equipment system,asset-inbox/character/future/t03/accessories/ring.png,1024x1024,Transparent,,Not started,Concept for one accessory slot; exact item names and bonuses not finalized.,,,
character-future-t03-accessories-amulet,Tier 3 amulet,P3,Proposed equipment system,asset-inbox/character/future/t03/accessories/amulet.png,1024x1024,Transparent,,Not started,Concept for one accessory slot; exact item names and bonuses not finalized.,,,
character-future-t03-accessories-charm,Tier 3 charm,P3,Proposed equipment system,asset-inbox/character/future/t03/accessories/charm.png,1024x1024,Transparent,,Not started,Concept for one accessory slot; exact item names and bonuses not finalized.,,,
character-future-t04-weapons-sword,Tier 4 sword,P3,Proposed equipment system,asset-inbox/character/future/t04/weapons/sword.png,1024x1024,Transparent,,Not started,Base design pending; no rarity effects. Higher tier changes materials and craftsmanship.,,,
character-future-t04-weapons-axe,Tier 4 axe,P3,Proposed equipment system,asset-inbox/character/future/t04/weapons/axe.png,1024x1024,Transparent,,Not started,Base design pending; no rarity effects. Higher tier changes materials and craftsmanship.,,,
character-future-t04-weapons-mace,Tier 4 mace,P3,Proposed equipment system,asset-inbox/character/future/t04/weapons/mace.png,1024x1024,Transparent,,Not started,Base design pending; no rarity effects. Higher tier changes materials and craftsmanship.,,,
character-future-t04-weapons-dagger,Tier 4 dagger,P3,Proposed equipment system,asset-inbox/character/future/t04/weapons/dagger.png,1024x1024,Transparent,,Not started,Base design pending; no rarity effects. Higher tier changes materials and craftsmanship.,,,
character-future-t04-weapons-bow,Tier 4 bow,P3,Proposed equipment system,asset-inbox/character/future/t04/weapons/bow.png,1024x1024,Transparent,,Not started,Base design pending; no rarity effects. Higher tier changes materials and craftsmanship.,,,
character-future-t04-weapons-staff,Tier 4 staff,P3,Proposed equipment system,asset-inbox/character/future/t04/weapons/staff.png,1024x1024,Transparent,,Not started,Base design pending; no rarity effects. Higher tier changes materials and craftsmanship.,,,
character-future-t04-offhand-shield,Tier 4 shield,P3,Proposed equipment system,asset-inbox/character/future/t04/offhand/shield.png,1024x1024,Transparent,,Not started,Base design pending; no rarity effects. Higher tier changes materials and craftsmanship.,,,
character-future-t04-offhand-parrying-blade,Tier 4 parrying-blade,P3,Proposed equipment system,asset-inbox/character/future/t04/offhand/parrying-blade.png,1024x1024,Transparent,,Not started,Base design pending; no rarity effects. Higher tier changes materials and craftsmanship.,,,
character-future-t04-offhand-focus,Tier 4 focus,P3,Proposed equipment system,asset-inbox/character/future/t04/offhand/focus.png,1024x1024,Transparent,,Not started,Base design pending; no rarity effects. Higher tier changes materials and craftsmanship.,,,
character-future-t04-armor-light-helm,Tier 4 light helm,P3,Proposed equipment system,asset-inbox/character/future/t04/armor/light-helm.png,1024x1024,Transparent,,Not started,Cohesive armor family; isolated equipment with consistent orientation.,,,
character-future-t04-armor-light-chest,Tier 4 light chest,P3,Proposed equipment system,asset-inbox/character/future/t04/armor/light-chest.png,1024x1024,Transparent,,Not started,Cohesive armor family; isolated equipment with consistent orientation.,,,
character-future-t04-armor-light-gloves,Tier 4 light gloves,P3,Proposed equipment system,asset-inbox/character/future/t04/armor/light-gloves.png,1024x1024,Transparent,,Not started,Cohesive armor family; isolated equipment with consistent orientation.,,,
character-future-t04-armor-light-greaves,Tier 4 light greaves,P3,Proposed equipment system,asset-inbox/character/future/t04/armor/light-greaves.png,1024x1024,Transparent,,Not started,Cohesive armor family; isolated equipment with consistent orientation.,,,
character-future-t04-armor-light-boots,Tier 4 light boots,P3,Proposed equipment system,asset-inbox/character/future/t04/armor/light-boots.png,1024x1024,Transparent,,Not started,Cohesive armor family; isolated equipment with consistent orientation.,,,
character-future-t04-armor-medium-helm,Tier 4 medium helm,P3,Proposed equipment system,asset-inbox/character/future/t04/armor/medium-helm.png,1024x1024,Transparent,,Not started,Cohesive armor family; isolated equipment with consistent orientation.,,,
character-future-t04-armor-medium-chest,Tier 4 medium chest,P3,Proposed equipment system,asset-inbox/character/future/t04/armor/medium-chest.png,1024x1024,Transparent,,Not started,Cohesive armor family; isolated equipment with consistent orientation.,,,
character-future-t04-armor-medium-gloves,Tier 4 medium gloves,P3,Proposed equipment system,asset-inbox/character/future/t04/armor/medium-gloves.png,1024x1024,Transparent,,Not started,Cohesive armor family; isolated equipment with consistent orientation.,,,
character-future-t04-armor-medium-greaves,Tier 4 medium greaves,P3,Proposed equipment system,asset-inbox/character/future/t04/armor/medium-greaves.png,1024x1024,Transparent,,Not started,Cohesive armor family; isolated equipment with consistent orientation.,,,
character-future-t04-armor-medium-boots,Tier 4 medium boots,P3,Proposed equipment system,asset-inbox/character/future/t04/armor/medium-boots.png,1024x1024,Transparent,,Not started,Cohesive armor family; isolated equipment with consistent orientation.,,,
character-future-t04-armor-heavy-helm,Tier 4 heavy helm,P3,Proposed equipment system,asset-inbox/character/future/t04/armor/heavy-helm.png,1024x1024,Transparent,,Not started,Cohesive armor family; isolated equipment with consistent orientation.,,,
character-future-t04-armor-heavy-chest,Tier 4 heavy chest,P3,Proposed equipment system,asset-inbox/character/future/t04/armor/heavy-chest.png,1024x1024,Transparent,,Not started,Cohesive armor family; isolated equipment with consistent orientation.,,,
character-future-t04-armor-heavy-gloves,Tier 4 heavy gloves,P3,Proposed equipment system,asset-inbox/character/future/t04/armor/heavy-gloves.png,1024x1024,Transparent,,Not started,Cohesive armor family; isolated equipment with consistent orientation.,,,
character-future-t04-armor-heavy-greaves,Tier 4 heavy greaves,P3,Proposed equipment system,asset-inbox/character/future/t04/armor/heavy-greaves.png,1024x1024,Transparent,,Not started,Cohesive armor family; isolated equipment with consistent orientation.,,,
character-future-t04-armor-heavy-boots,Tier 4 heavy boots,P3,Proposed equipment system,asset-inbox/character/future/t04/armor/heavy-boots.png,1024x1024,Transparent,,Not started,Cohesive armor family; isolated equipment with consistent orientation.,,,
character-future-t04-accessories-ring,Tier 4 ring,P3,Proposed equipment system,asset-inbox/character/future/t04/accessories/ring.png,1024x1024,Transparent,,Not started,Concept for one accessory slot; exact item names and bonuses not finalized.,,,
character-future-t04-accessories-amulet,Tier 4 amulet,P3,Proposed equipment system,asset-inbox/character/future/t04/accessories/amulet.png,1024x1024,Transparent,,Not started,Concept for one accessory slot; exact item names and bonuses not finalized.,,,
character-future-t04-accessories-charm,Tier 4 charm,P3,Proposed equipment system,asset-inbox/character/future/t04/accessories/charm.png,1024x1024,Transparent,,Not started,Concept for one accessory slot; exact item names and bonuses not finalized.,,,
character-future-t05-weapons-sword,Tier 5 sword,P3,Proposed equipment system,asset-inbox/character/future/t05/weapons/sword.png,1024x1024,Transparent,,Not started,Base design pending; no rarity effects. Higher tier changes materials and craftsmanship.,,,
character-future-t05-weapons-axe,Tier 5 axe,P3,Proposed equipment system,asset-inbox/character/future/t05/weapons/axe.png,1024x1024,Transparent,,Not started,Base design pending; no rarity effects. Higher tier changes materials and craftsmanship.,,,
character-future-t05-weapons-mace,Tier 5 mace,P3,Proposed equipment system,asset-inbox/character/future/t05/weapons/mace.png,1024x1024,Transparent,,Not started,Base design pending; no rarity effects. Higher tier changes materials and craftsmanship.,,,
character-future-t05-weapons-dagger,Tier 5 dagger,P3,Proposed equipment system,asset-inbox/character/future/t05/weapons/dagger.png,1024x1024,Transparent,,Not started,Base design pending; no rarity effects. Higher tier changes materials and craftsmanship.,,,
character-future-t05-weapons-bow,Tier 5 bow,P3,Proposed equipment system,asset-inbox/character/future/t05/weapons/bow.png,1024x1024,Transparent,,Not started,Base design pending; no rarity effects. Higher tier changes materials and craftsmanship.,,,
character-future-t05-weapons-staff,Tier 5 staff,P3,Proposed equipment system,asset-inbox/character/future/t05/weapons/staff.png,1024x1024,Transparent,,Not started,Base design pending; no rarity effects. Higher tier changes materials and craftsmanship.,,,
character-future-t05-offhand-shield,Tier 5 shield,P3,Proposed equipment system,asset-inbox/character/future/t05/offhand/shield.png,1024x1024,Transparent,,Not started,Base design pending; no rarity effects. Higher tier changes materials and craftsmanship.,,,
character-future-t05-offhand-parrying-blade,Tier 5 parrying-blade,P3,Proposed equipment system,asset-inbox/character/future/t05/offhand/parrying-blade.png,1024x1024,Transparent,,Not started,Base design pending; no rarity effects. Higher tier changes materials and craftsmanship.,,,
character-future-t05-offhand-focus,Tier 5 focus,P3,Proposed equipment system,asset-inbox/character/future/t05/offhand/focus.png,1024x1024,Transparent,,Not started,Base design pending; no rarity effects. Higher tier changes materials and craftsmanship.,,,
character-future-t05-armor-light-helm,Tier 5 light helm,P3,Proposed equipment system,asset-inbox/character/future/t05/armor/light-helm.png,1024x1024,Transparent,,Not started,Cohesive armor family; isolated equipment with consistent orientation.,,,
character-future-t05-armor-light-chest,Tier 5 light chest,P3,Proposed equipment system,asset-inbox/character/future/t05/armor/light-chest.png,1024x1024,Transparent,,Not started,Cohesive armor family; isolated equipment with consistent orientation.,,,
character-future-t05-armor-light-gloves,Tier 5 light gloves,P3,Proposed equipment system,asset-inbox/character/future/t05/armor/light-gloves.png,1024x1024,Transparent,,Not started,Cohesive armor family; isolated equipment with consistent orientation.,,,
character-future-t05-armor-light-greaves,Tier 5 light greaves,P3,Proposed equipment system,asset-inbox/character/future/t05/armor/light-greaves.png,1024x1024,Transparent,,Not started,Cohesive armor family; isolated equipment with consistent orientation.,,,
character-future-t05-armor-light-boots,Tier 5 light boots,P3,Proposed equipment system,asset-inbox/character/future/t05/armor/light-boots.png,1024x1024,Transparent,,Not started,Cohesive armor family; isolated equipment with consistent orientation.,,,
character-future-t05-armor-medium-helm,Tier 5 medium helm,P3,Proposed equipment system,asset-inbox/character/future/t05/armor/medium-helm.png,1024x1024,Transparent,,Not started,Cohesive armor family; isolated equipment with consistent orientation.,,,
character-future-t05-armor-medium-chest,Tier 5 medium chest,P3,Proposed equipment system,asset-inbox/character/future/t05/armor/medium-chest.png,1024x1024,Transparent,,Not started,Cohesive armor family; isolated equipment with consistent orientation.,,,
character-future-t05-armor-medium-gloves,Tier 5 medium gloves,P3,Proposed equipment system,asset-inbox/character/future/t05/armor/medium-gloves.png,1024x1024,Transparent,,Not started,Cohesive armor family; isolated equipment with consistent orientation.,,,
character-future-t05-armor-medium-greaves,Tier 5 medium greaves,P3,Proposed equipment system,asset-inbox/character/future/t05/armor/medium-greaves.png,1024x1024,Transparent,,Not started,Cohesive armor family; isolated equipment with consistent orientation.,,,
character-future-t05-armor-medium-boots,Tier 5 medium boots,P3,Proposed equipment system,asset-inbox/character/future/t05/armor/medium-boots.png,1024x1024,Transparent,,Not started,Cohesive armor family; isolated equipment with consistent orientation.,,,
character-future-t05-armor-heavy-helm,Tier 5 heavy helm,P3,Proposed equipment system,asset-inbox/character/future/t05/armor/heavy-helm.png,1024x1024,Transparent,,Not started,Cohesive armor family; isolated equipment with consistent orientation.,,,
character-future-t05-armor-heavy-chest,Tier 5 heavy chest,P3,Proposed equipment system,asset-inbox/character/future/t05/armor/heavy-chest.png,1024x1024,Transparent,,Not started,Cohesive armor family; isolated equipment with consistent orientation.,,,
character-future-t05-armor-heavy-gloves,Tier 5 heavy gloves,P3,Proposed equipment system,asset-inbox/character/future/t05/armor/heavy-gloves.png,1024x1024,Transparent,,Not started,Cohesive armor family; isolated equipment with consistent orientation.,,,
character-future-t05-armor-heavy-greaves,Tier 5 heavy greaves,P3,Proposed equipment system,asset-inbox/character/future/t05/armor/heavy-greaves.png,1024x1024,Transparent,,Not started,Cohesive armor family; isolated equipment with consistent orientation.,,,
character-future-t05-armor-heavy-boots,Tier 5 heavy boots,P3,Proposed equipment system,asset-inbox/character/future/t05/armor/heavy-boots.png,1024x1024,Transparent,,Not started,Cohesive armor family; isolated equipment with consistent orientation.,,,
character-future-t05-accessories-ring,Tier 5 ring,P3,Proposed equipment system,asset-inbox/character/future/t05/accessories/ring.png,1024x1024,Transparent,,Not started,Concept for one accessory slot; exact item names and bonuses not finalized.,,,
character-future-t05-accessories-amulet,Tier 5 amulet,P3,Proposed equipment system,asset-inbox/character/future/t05/accessories/amulet.png,1024x1024,Transparent,,Not started,Concept for one accessory slot; exact item names and bonuses not finalized.,,,
character-future-t05-accessories-charm,Tier 5 charm,P3,Proposed equipment system,asset-inbox/character/future/t05/accessories/charm.png,1024x1024,Transparent,,Not started,Concept for one accessory slot; exact item names and bonuses not finalized.,,,
character-sets-thornwarden-helm,Thornwarden helm,P3,Proposed armor set,asset-inbox/character/sets/thornwarden/helm.png,1024x1024,Transparent,,Not started,"Bark textures, green cloth and thorn details; survival. Set effects and stats are not baked into art.",,,
character-sets-thornwarden-chest,Thornwarden chest,P3,Proposed armor set,asset-inbox/character/sets/thornwarden/chest.png,1024x1024,Transparent,,Not started,"Bark textures, green cloth and thorn details; survival. Set effects and stats are not baked into art.",,,
character-sets-thornwarden-gloves,Thornwarden gloves,P3,Proposed armor set,asset-inbox/character/sets/thornwarden/gloves.png,1024x1024,Transparent,,Not started,"Bark textures, green cloth and thorn details; survival. Set effects and stats are not baked into art.",,,
character-sets-thornwarden-greaves,Thornwarden greaves,P3,Proposed armor set,asset-inbox/character/sets/thornwarden/greaves.png,1024x1024,Transparent,,Not started,"Bark textures, green cloth and thorn details; survival. Set effects and stats are not baked into art.",,,
character-sets-thornwarden-boots,Thornwarden boots,P3,Proposed armor set,asset-inbox/character/sets/thornwarden/boots.png,1024x1024,Transparent,,Not started,"Bark textures, green cloth and thorn details; survival. Set effects and stats are not baked into art.",,,
character-sets-gravekeeper-helm,Gravekeeper helm,P3,Proposed armor set,asset-inbox/character/sets/gravekeeper/helm.png,1024x1024,Transparent,,Not started,"Ancient iron, faded funerary cloth and bone motifs; endurance. Set effects and stats are not baked into art.",,,
character-sets-gravekeeper-chest,Gravekeeper chest,P3,Proposed armor set,asset-inbox/character/sets/gravekeeper/chest.png,1024x1024,Transparent,,Not started,"Ancient iron, faded funerary cloth and bone motifs; endurance. Set effects and stats are not baked into art.",,,
character-sets-gravekeeper-gloves,Gravekeeper gloves,P3,Proposed armor set,asset-inbox/character/sets/gravekeeper/gloves.png,1024x1024,Transparent,,Not started,"Ancient iron, faded funerary cloth and bone motifs; endurance. Set effects and stats are not baked into art.",,,
character-sets-gravekeeper-greaves,Gravekeeper greaves,P3,Proposed armor set,asset-inbox/character/sets/gravekeeper/greaves.png,1024x1024,Transparent,,Not started,"Ancient iron, faded funerary cloth and bone motifs; endurance. Set effects and stats are not baked into art.",,,
character-sets-gravekeeper-boots,Gravekeeper boots,P3,Proposed armor set,asset-inbox/character/sets/gravekeeper/boots.png,1024x1024,Transparent,,Not started,"Ancient iron, faded funerary cloth and bone motifs; endurance. Set effects and stats are not baked into art.",,,
character-sets-emberwatch-helm,Emberwatch helm,P3,Proposed armor set,asset-inbox/character/sets/emberwatch/helm.png,1024x1024,Transparent,,Not started,Blackened steel and restrained ember accents; offense. Set effects and stats are not baked into art.,,,
character-sets-emberwatch-chest,Emberwatch chest,P3,Proposed armor set,asset-inbox/character/sets/emberwatch/chest.png,1024x1024,Transparent,,Not started,Blackened steel and restrained ember accents; offense. Set effects and stats are not baked into art.,,,
character-sets-emberwatch-gloves,Emberwatch gloves,P3,Proposed armor set,asset-inbox/character/sets/emberwatch/gloves.png,1024x1024,Transparent,,Not started,Blackened steel and restrained ember accents; offense. Set effects and stats are not baked into art.,,,
character-sets-emberwatch-greaves,Emberwatch greaves,P3,Proposed armor set,asset-inbox/character/sets/emberwatch/greaves.png,1024x1024,Transparent,,Not started,Blackened steel and restrained ember accents; offense. Set effects and stats are not baked into art.,,,
character-sets-emberwatch-boots,Emberwatch boots,P3,Proposed armor set,asset-inbox/character/sets/emberwatch/boots.png,1024x1024,Transparent,,Not started,Blackened steel and restrained ember accents; offense. Set effects and stats are not baked into art.,,,
character-sets-pathfinder-helm,Pathfinder helm,P3,Proposed armor set,asset-inbox/character/sets/pathfinder/helm.png,1024x1024,Transparent,,Not started,"Supple leather, practical buckles and forest cloth; evasion. Set effects and stats are not baked into art.",,,
character-sets-pathfinder-chest,Pathfinder chest,P3,Proposed armor set,asset-inbox/character/sets/pathfinder/chest.png,1024x1024,Transparent,,Not started,"Supple leather, practical buckles and forest cloth; evasion. Set effects and stats are not baked into art.",,,
character-sets-pathfinder-gloves,Pathfinder gloves,P3,Proposed armor set,asset-inbox/character/sets/pathfinder/gloves.png,1024x1024,Transparent,,Not started,"Supple leather, practical buckles and forest cloth; evasion. Set effects and stats are not baked into art.",,,
character-sets-pathfinder-greaves,Pathfinder greaves,P3,Proposed armor set,asset-inbox/character/sets/pathfinder/greaves.png,1024x1024,Transparent,,Not started,"Supple leather, practical buckles and forest cloth; evasion. Set effects and stats are not baked into art.",,,
character-sets-pathfinder-boots,Pathfinder boots,P3,Proposed armor set,asset-inbox/character/sets/pathfinder/boots.png,1024x1024,Transparent,,Not started,"Supple leather, practical buckles and forest cloth; evasion. Set effects and stats are not baked into art.",,,
character-sets-oathmarshal-helm,Oathmarshal helm,P3,Proposed armor set,asset-inbox/character/sets/oathmarshal/helm.png,1024x1024,Transparent,,Not started,"Disciplined plate, gold trim and heraldic details; leadership. Set effects and stats are not baked into art.",,,
character-sets-oathmarshal-chest,Oathmarshal chest,P3,Proposed armor set,asset-inbox/character/sets/oathmarshal/chest.png,1024x1024,Transparent,,Not started,"Disciplined plate, gold trim and heraldic details; leadership. Set effects and stats are not baked into art.",,,
character-sets-oathmarshal-gloves,Oathmarshal gloves,P3,Proposed armor set,asset-inbox/character/sets/oathmarshal/gloves.png,1024x1024,Transparent,,Not started,"Disciplined plate, gold trim and heraldic details; leadership. Set effects and stats are not baked into art.",,,
character-sets-oathmarshal-greaves,Oathmarshal greaves,P3,Proposed armor set,asset-inbox/character/sets/oathmarshal/greaves.png,1024x1024,Transparent,,Not started,"Disciplined plate, gold trim and heraldic details; leadership. Set effects and stats are not baked into art.",,,
character-sets-oathmarshal-boots,Oathmarshal boots,P3,Proposed armor set,asset-inbox/character/sets/oathmarshal/boots.png,1024x1024,Transparent,,Not started,"Disciplined plate, gold trim and heraldic details; leadership. Set effects and stats are not baked into art.",,,
avatars-commander-01,Commander avatar 01,Optional,Proposed presentation,asset-inbox/avatars/commander-01.png,1024x1024,Full image,,Not started,Varied adult fantasy commanders with diverse appearances; centered face; neutral background.,,,
avatars-commander-02,Commander avatar 02,Optional,Proposed presentation,asset-inbox/avatars/commander-02.png,1024x1024,Full image,,Not started,Varied adult fantasy commanders with diverse appearances; centered face; neutral background.,,,
avatars-commander-03,Commander avatar 03,Optional,Proposed presentation,asset-inbox/avatars/commander-03.png,1024x1024,Full image,,Not started,Varied adult fantasy commanders with diverse appearances; centered face; neutral background.,,,
avatars-commander-04,Commander avatar 04,Optional,Proposed presentation,asset-inbox/avatars/commander-04.png,1024x1024,Full image,,Not started,Varied adult fantasy commanders with diverse appearances; centered face; neutral background.,,,
avatars-commander-05,Commander avatar 05,Optional,Proposed presentation,asset-inbox/avatars/commander-05.png,1024x1024,Full image,,Not started,Varied adult fantasy commanders with diverse appearances; centered face; neutral background.,,,
avatars-commander-06,Commander avatar 06,Optional,Proposed presentation,asset-inbox/avatars/commander-06.png,1024x1024,Full image,,Not started,Varied adult fantasy commanders with diverse appearances; centered face; neutral background.,,,
avatars-commander-07,Commander avatar 07,Optional,Proposed presentation,asset-inbox/avatars/commander-07.png,1024x1024,Full image,,Not started,Varied adult fantasy commanders with diverse appearances; centered face; neutral background.,,,
avatars-commander-08,Commander avatar 08,Optional,Proposed presentation,asset-inbox/avatars/commander-08.png,1024x1024,Full image,,Not started,Varied adult fantasy commanders with diverse appearances; centered face; neutral background.,,,
avatars-commander-09,Commander avatar 09,Optional,Proposed presentation,asset-inbox/avatars/commander-09.png,1024x1024,Full image,,Not started,Varied adult fantasy commanders with diverse appearances; centered face; neutral background.,,,
avatars-commander-10,Commander avatar 10,Optional,Proposed presentation,asset-inbox/avatars/commander-10.png,1024x1024,Full image,,Not started,Varied adult fantasy commanders with diverse appearances; centered face; neutral background.,,,
avatars-commander-11,Commander avatar 11,Optional,Proposed presentation,asset-inbox/avatars/commander-11.png,1024x1024,Full image,,Not started,Varied adult fantasy commanders with diverse appearances; centered face; neutral background.,,,
avatars-commander-12,Commander avatar 12,Optional,Proposed presentation,asset-inbox/avatars/commander-12.png,1024x1024,Full image,,Not started,Varied adult fantasy commanders with diverse appearances; centered face; neutral background.,,,
events-victory-battlefield,Victory battlefield,Optional,Proposed presentation,asset-inbox/events/victory-battlefield.png,1920x1080,Full image,,Not started,"Reusable outcome illustration, no named player, numbers, words or fixed faction winner.",,,
events-defended-stronghold,Defended stronghold,Optional,Proposed presentation,asset-inbox/events/defended-stronghold.png,1920x1080,Full image,,Not started,"Reusable outcome illustration, no named player, numbers, words or fixed faction winner.",,,
events-plundered-treasury,Plundered treasury,Optional,Proposed presentation,asset-inbox/events/plundered-treasury.png,1920x1080,Full image,,Not started,"Reusable outcome illustration, no named player, numbers, words or fixed faction winner.",,,
events-season-champions,Season champions,Optional,Proposed presentation,asset-inbox/events/season-champions.png,1920x1080,Full image,,Not started,"Reusable outcome illustration, no named player, numbers, words or fixed faction winner.",,,
